Team_ID,Game_ID,GAME_DATE,MATCHUP,WL,W,L,W_PCT,MIN,FGM,FGA,FG_PCT,FG3M,FG3A,FG3_PCT,FTM,FTA,FT_PCT,OREB,DREB,REB,AST,STL,BLK,TOV,PF,PTS,Season,Is_Regular
1610612738,0021501217,"APR 13, 2016",BOS vs. MIA,W,48,34,0.585,240,37,86,0.43,5,14,0.357,19,22,0.864,10,29,39,20,7,3,7,20,98,2015-16,1
1610612738,0021501205,"APR 11, 2016",BOS vs. CHA,L,47,34,0.58,240,34,89,0.382,8,24,0.333,24,29,0.828,13,33,46,17,6,1,12,17,100,2015-16,1
1610612738,0021501188,"APR 09, 2016",BOS @ ATL,L,47,33,0.588,240,40,90,0.444,11,28,0.393,16,24,0.667,10,30,40,26,10,6,15,21,107,2015-16,1
1610612738,0021501181,"APR 08, 2016",BOS vs. MIL,W,47,32,0.595,240,44,78,0.564,6,14,0.429,30,38,0.789,4,30,34,35,6,9,14,23,124,2015-16,1
1610612738,0021501168,"APR 06, 2016",BOS vs. NOP,W,46,32,0.59,240,36,87,0.414,10,34,0.294,22,27,0.815,8,33,41,24,10,7,9,20,104,2015-16,1
1610612738,0021501153,"APR 03, 2016",BOS @ LAL,W,45,32,0.584,240,41,91,0.451,8,30,0.267,17,22,0.773,9,41,50,30,8,1,12,25,107,2015-16,1
1610612738,0021501136,"APR 01, 2016",BOS @ GSW,W,44,32,0.579,240,41,87,0.471,8,23,0.348,19,30,0.633,11,33,44,28,10,1,14,14,109,2015-16,1
1610612738,0021501127,"MAR 31, 2016",BOS @ POR,L,43,32,0.573,240,37,88,0.42,9,24,0.375,26,34,0.765,16,32,48,20,12,6,15,25,109,2015-16,1
1610612738,0021501106,"MAR 28, 2016",BOS @ LAC,L,43,31,0.581,240,31,89,0.348,7,19,0.368,21,27,0.778,18,31,49,14,7,4,16,17,90,2015-16,1
1610612738,0021501090,"MAR 26, 2016",BOS @ PHX,W,43,30,0.589,240,35,84,0.417,8,29,0.276,24,27,0.889,17,32,49,14,7,3,19,23,102,2015-16,1
1610612738,0021501057,"MAR 23, 2016",BOS vs. TOR,W,42,30,0.583,240,35,80,0.438,8,20,0.4,13,21,0.619,7,41,48,24,5,5,8,18,91,2015-16,1
1610612738,0021501046,"MAR 21, 2016",BOS vs. ORL,W,41,30,0.577,240,40,85,0.471,7,22,0.318,20,24,0.833,9,37,46,22,8,6,14,16,107,2015-16,1
1610612738,0021501039,"MAR 20, 2016",BOS @ PHI,W,40,30,0.571,240,46,94,0.489,10,25,0.4,18,21,0.857,14,39,53,28,8,3,13,24,120,2015-16,1
1610612738,0021501023,"MAR 18, 2016",BOS @ TOR,L,39,30,0.565,240,36,82,0.439,9,21,0.429,10,12,0.833,7,30,37,18,8,3,15,18,91,2015-16,1
1610612738,0021501003,"MAR 16, 2016",BOS vs. OKC,L,39,29,0.574,240,40,93,0.43,5,19,0.263,24,27,0.889,16,26,42,17,4,4,11,22,109,2015-16,1
1610612738,0021500997,"MAR 15, 2016",BOS @ IND,L,39,28,0.582,240,36,94,0.383,8,31,0.258,18,22,0.818,17,33,50,23,6,3,13,21,98,2015-16,1
1610612738,0021500965,"MAR 11, 2016",BOS vs. HOU,L,39,27,0.591,240,34,91,0.374,8,31,0.258,22,28,0.786,14,31,45,24,14,3,14,17,98,2015-16,1
1610612738,0021500953,"MAR 09, 2016",BOS vs. MEM,W,39,26,0.6,240,41,87,0.471,15,32,0.469,19,24,0.792,7,31,38,26,9,7,13,27,116,2015-16,1
1610612738,0021500922,"MAR 05, 2016",BOS @ CLE,L,38,26,0.594,240,37,80,0.463,10,23,0.435,19,27,0.704,10,27,37,17,8,1,14,22,103,2015-16,1
1610612738,0021500915,"MAR 04, 2016",BOS vs. NYK,W,38,25,0.603,240,41,90,0.456,4,20,0.2,19,25,0.76,13,38,51,20,8,2,8,14,105,2015-16,1
1610612738,0021500899,"MAR 02, 2016",BOS vs. POR,W,37,25,0.597,240,43,107,0.402,7,26,0.269,23,24,0.958,19,38,57,20,9,8,5,16,116,2015-16,1
1610612738,0021500886,"FEB 29, 2016",BOS vs. UTA,W,36,25,0.59,240,37,84,0.44,6,18,0.333,20,29,0.69,11,36,47,27,6,13,9,18,100,2015-16,1
1610612738,0021500869,"FEB 27, 2016",BOS vs. MIA,W,35,25,0.583,240,39,96,0.406,5,16,0.313,18,22,0.818,12,36,48,26,12,6,11,19,101,2015-16,1
1610612738,0021500856,"FEB 25, 2016",BOS vs. MIL,W,34,25,0.576,240,41,84,0.488,5,23,0.217,25,33,0.758,9,33,42,21,9,3,16,21,112,2015-16,1
1610612738,0021500838,"FEB 22, 2016",BOS @ MIN,L,33,25,0.569,240,49,101,0.485,10,28,0.357,14,17,0.824,10,28,38,33,13,2,11,27,122,2015-16,1
1610612738,0021500825,"FEB 21, 2016",BOS @ DEN,W,33,24,0.579,240,47,97,0.485,10,32,0.313,17,20,0.85,15,33,48,32,11,2,17,25,121,2015-16,1
1610612738,0021500817,"FEB 19, 2016",BOS @ UTA,L,32,24,0.571,240,30,81,0.37,7,25,0.28,26,36,0.722,8,26,34,18,8,3,7,31,93,2015-16,1
1610612738,0021500792,"FEB 10, 2016",BOS vs. LAC,W,32,23,0.582,265,47,95,0.495,13,33,0.394,32,37,0.865,8,35,43,34,5,2,10,33,139,2015-16,1
1610612738,0021500786,"FEB 09, 2016",BOS @ MIL,L,31,23,0.574,240,39,84,0.464,10,29,0.345,23,24,0.958,13,31,44,28,11,2,18,23,111,2015-16,1
1610612738,0021500773,"FEB 07, 2016",BOS vs. SAC,W,31,22,0.585,240,51,91,0.56,13,24,0.542,13,15,0.867,12,37,49,34,9,5,24,19,128,2015-16,1
1610612738,0021500755,"FEB 05, 2016",BOS @ CLE,W,30,22,0.577,240,38,88,0.432,7,20,0.35,21,25,0.84,11,38,49,21,6,5,15,27,104,2015-16,1
1610612738,0021500737,"FEB 03, 2016",BOS vs. DET,W,29,22,0.569,240,42,96,0.438,7,21,0.333,11,13,0.846,6,43,49,28,8,7,10,24,102,2015-16,1
1610612738,0021500730,"FEB 02, 2016",BOS @ NYK,W,28,22,0.56,240,40,90,0.444,3,19,0.158,14,17,0.824,12,33,45,20,9,2,10,24,97,2015-16,1
1610612738,0021500716,"JAN 31, 2016",BOS @ ORL,L,27,22,0.551,240,39,93,0.419,16,46,0.348,20,25,0.8,13,28,41,17,9,2,10,22,114,2015-16,1
1610612738,0021500698,"JAN 29, 2016",BOS vs. ORL,W,27,21,0.563,240,43,86,0.5,10,24,0.417,17,21,0.81,8,38,46,28,8,6,12,20,113,2015-16,1
1610612738,0021500685,"JAN 27, 2016",BOS vs. DEN,W,26,21,0.553,240,41,96,0.427,9,28,0.321,20,24,0.833,14,34,48,29,15,5,11,24,111,2015-16,1
1610612738,0021500668,"JAN 25, 2016",BOS @ WAS,W,25,21,0.543,240,44,90,0.489,9,22,0.409,19,23,0.826,7,36,43,31,12,1,10,23,116,2015-16,1
1610612738,0021500656,"JAN 24, 2016",BOS @ PHI,W,24,21,0.533,240,43,97,0.443,11,25,0.44,15,19,0.789,15,36,51,29,14,2,16,17,112,2015-16,1
1610612738,0021500646,"JAN 22, 2016",BOS vs. CHI,W,23,21,0.523,240,43,96,0.448,8,23,0.348,16,21,0.762,16,30,46,26,14,6,12,22,110,2015-16,1
1610612738,0021500633,"JAN 20, 2016",BOS @ TOR,L,22,21,0.512,240,43,85,0.506,12,26,0.462,11,15,0.733,8,25,33,30,8,1,14,19,109,2015-16,1
1610612738,0021500623,"JAN 18, 2016",BOS @ DAL,L,22,20,0.524,265,40,94,0.426,12,30,0.4,21,26,0.808,13,36,49,24,9,3,12,30,113,2015-16,1
1610612738,0021500604,"JAN 16, 2016",BOS @ WAS,W,22,19,0.537,240,39,88,0.443,9,29,0.31,32,36,0.889,17,30,47,27,7,3,16,25,119,2015-16,1
1610612738,0021500595,"JAN 15, 2016",BOS vs. PHX,W,21,19,0.525,240,42,96,0.438,14,30,0.467,19,29,0.655,17,39,56,30,12,5,12,19,117,2015-16,1
1610612738,0021500580,"JAN 13, 2016",BOS vs. IND,W,20,19,0.513,240,40,90,0.444,9,26,0.346,14,20,0.7,14,35,49,24,7,2,19,18,103,2015-16,1
1610612738,0021500571,"JAN 12, 2016",BOS @ NYK,L,19,19,0.5,240,42,86,0.488,9,29,0.31,21,26,0.808,7,35,42,25,5,4,9,20,114,2015-16,1
1610612738,0021500560,"JAN 10, 2016",BOS @ MEM,L,19,18,0.514,240,37,88,0.42,7,22,0.318,17,23,0.739,11,28,39,22,17,4,16,28,98,2015-16,1
1610612738,0021500537,"JAN 07, 2016",BOS @ CHI,L,19,17,0.528,240,35,98,0.357,5,25,0.2,17,22,0.773,15,36,51,17,11,3,11,19,92,2015-16,1
1610612738,0021500528,"JAN 06, 2016",BOS vs. DET,L,19,16,0.543,240,34,91,0.374,6,28,0.214,20,27,0.741,13,26,39,23,5,5,10,28,94,2015-16,1
1610612738,0021500513,"JAN 04, 2016",BOS @ BKN,W,19,15,0.559,240,41,92,0.446,6,21,0.286,15,19,0.789,12,36,48,22,10,5,7,21,103,2015-16,1
1610612738,0021500495,"JAN 02, 2016",BOS vs. BKN,L,18,15,0.545,240,34,88,0.386,7,32,0.219,22,28,0.786,16,35,51,17,8,4,14,24,97,2015-16,1
1610612738,0021500476,"DEC 30, 2015",BOS vs. LAL,L,18,14,0.563,240,38,88,0.432,7,27,0.259,21,25,0.84,9,36,45,23,7,5,10,20,104,2015-16,1
1610612738,0021500454,"DEC 27, 2015",BOS vs. NYK,W,18,13,0.581,240,36,85,0.424,8,20,0.4,20,29,0.69,12,39,51,18,5,4,10,24,100,2015-16,1
1610612738,0021500446,"DEC 26, 2015",BOS @ DET,W,17,13,0.567,240,39,84,0.464,4,23,0.174,17,23,0.739,11,36,47,20,6,1,14,24,99,2015-16,1
1610612738,0021500423,"DEC 23, 2015",BOS @ CHA,W,16,13,0.552,240,36,85,0.424,7,29,0.241,23,26,0.885,10,39,49,25,9,4,13,23,102,2015-16,1
1610612738,0021500411,"DEC 21, 2015",BOS vs. MIN,W,15,13,0.536,240,46,89,0.517,12,25,0.48,9,16,0.563,12,38,50,34,6,9,16,22,113,2015-16,1
1610612738,0021500389,"DEC 18, 2015",BOS vs. ATL,L,14,13,0.519,240,34,77,0.442,10,23,0.435,23,31,0.742,6,37,43,19,5,2,21,25,101,2015-16,1
1610612738,0021500374,"DEC 16, 2015",BOS @ DET,L,14,12,0.538,240,43,89,0.483,10,25,0.4,20,24,0.833,10,34,44,17,4,2,18,35,116,2015-16,1
1610612738,0021500367,"DEC 15, 2015",BOS vs. CLE,L,14,11,0.56,240,28,87,0.322,9,32,0.281,12,14,0.857,12,29,41,18,6,6,10,11,77,2015-16,1
1610612738,0021500345,"DEC 12, 2015",BOS @ CHA,W,14,10,0.583,240,40,96,0.417,9,25,0.36,9,10,0.9,3,39,42,26,5,5,5,13,98,2015-16,1
1610612738,0021500336,"DEC 11, 2015",BOS vs. GSW,L,13,10,0.565,290,49,114,0.43,12,33,0.364,9,16,0.563,11,40,51,32,7,9,15,30,119,2015-16,1
1610612738,0021500319,"DEC 09, 2015",BOS vs. CHI,W,13,9,0.591,240,38,92,0.413,5,23,0.217,24,28,0.857,13,32,45,22,10,4,12,22,105,2015-16,1
1610612738,0021500312,"DEC 07, 2015",BOS @ NOP,W,12,9,0.571,240,40,81,0.494,12,28,0.429,19,24,0.792,10,36,46,24,8,8,17,18,111,2015-16,1
1610612738,0021500296,"DEC 05, 2015",BOS @ SAS,L,11,9,0.55,240,39,86,0.453,12,29,0.414,15,22,0.682,11,28,39,22,9,3,14,22,105,2015-16,1
1610612738,0021500282,"DEC 03, 2015",BOS @ SAC,W,11,8,0.579,240,40,84,0.476,14,33,0.424,20,24,0.833,6,34,40,34,14,5,16,32,114,2015-16,1
1610612738,0021500255,"NOV 30, 2015",BOS @ MIA,W,10,8,0.556,240,38,80,0.475,8,20,0.4,21,25,0.84,12,28,40,23,15,3,15,21,105,2015-16,1
1610612738,0021500249,"NOV 29, 2015",BOS @ ORL,L,9,8,0.529,240,36,88,0.409,5,27,0.185,14,20,0.7,9,25,34,28,7,6,11,16,91,2015-16,1
1610612738,0021500229,"NOV 27, 2015",BOS vs. WAS,W,9,7,0.563,240,42,97,0.433,12,33,0.364,15,19,0.789,19,39,58,28,11,7,15,15,111,2015-16,1
1610612738,0021500217,"NOV 25, 2015",BOS vs. PHI,W,8,7,0.533,240,31,91,0.341,9,29,0.31,13,18,0.722,11,43,54,18,7,6,16,12,84,2015-16,1
1610612738,0021500210,"NOV 24, 2015",BOS @ ATL,L,7,7,0.5,240,34,82,0.415,9,21,0.429,20,26,0.769,10,23,33,23,14,2,16,19,97,2015-16,1
1610612738,0021500197,"NOV 22, 2015",BOS @ BKN,L,7,6,0.538,240,35,82,0.427,14,37,0.378,17,21,0.81,10,25,35,19,9,2,17,28,101,2015-16,1
1610612738,0021500179,"NOV 20, 2015",BOS vs. BKN,W,7,5,0.583,240,51,87,0.586,10,29,0.345,8,10,0.8,7,34,41,39,10,4,16,19,120,2015-16,1
1610612738,0021500168,"NOV 18, 2015",BOS vs. DAL,L,6,5,0.545,240,38,92,0.413,8,26,0.308,18,24,0.75,14,29,43,22,12,1,14,28,102,2015-16,1
1610612738,0021500154,"NOV 16, 2015",BOS @ HOU,W,6,4,0.6,240,44,93,0.473,11,36,0.306,12,17,0.706,16,33,49,27,16,3,19,22,111,2015-16,1
1610612738,0021500149,"NOV 15, 2015",BOS @ OKC,W,5,4,0.556,240,39,82,0.476,9,23,0.391,13,20,0.65,12,35,47,25,12,7,18,26,100,2015-16,1
1610612738,0021500129,"NOV 13, 2015",BOS vs. ATL,W,4,4,0.5,240,42,103,0.408,11,33,0.333,11,12,0.917,17,33,50,27,10,7,10,18,106,2015-16,1
1610612738,0021500116,"NOV 11, 2015",BOS vs. IND,L,3,4,0.429,240,32,77,0.416,4,24,0.167,23,32,0.719,8,28,36,18,10,3,18,26,91,2015-16,1
1610612738,0021500110,"NOV 10, 2015",BOS @ MIL,W,3,3,0.5,240,38,86,0.442,7,30,0.233,16,19,0.842,14,31,45,21,11,6,12,18,99,2015-16,1
1610612738,0021500076,"NOV 06, 2015",BOS vs. WAS,W,2,3,0.4,240,44,97,0.454,12,30,0.4,18,23,0.783,15,38,53,24,18,5,17,21,118,2015-16,1
1610612738,0021500060,"NOV 04, 2015",BOS @ IND,L,1,3,0.25,240,35,83,0.422,10,27,0.37,18,22,0.818,15,34,49,20,7,5,19,22,98,2015-16,1
1610612738,0021500040,"NOV 01, 2015",BOS vs. SAS,L,1,2,0.333,240,35,98,0.357,6,29,0.207,11,14,0.786,16,29,45,21,10,5,16,23,87,2015-16,1
1610612738,0021500024,"OCT 30, 2015",BOS vs. TOR,L,1,1,0.5,240,32,85,0.376,7,26,0.269,32,41,0.78,7,31,38,23,14,3,17,28,103,2015-16,1
1610612738,0021500005,"OCT 28, 2015",BOS vs. PHI,W,1,0,1.0,240,39,85,0.459,8,24,0.333,26,27,0.963,10,31,41,31,10,7,17,23,112,2015-16,1
1610612738,0041500136,"APR 28, 2016",BOS vs. ATL,L,2,4,0.333,240,34,94,0.362,7,32,0.219,17,18,0.944,10,33,43,16,5,4,12,29,92,2015-16,0
1610612738,0041500135,"APR 26, 2016",BOS @ ATL,L,2,3,0.4,240,29,77,0.377,7,29,0.241,18,25,0.72,10,34,44,19,5,6,20,17,83,2015-16,0
1610612738,0041500134,"APR 24, 2016",BOS vs. ATL,W,2,2,0.5,265,40,94,0.426,11,33,0.333,13,19,0.684,12,40,52,25,7,7,14,19,104,2015-16,0
1610612738,0041500133,"APR 22, 2016",BOS vs. ATL,W,1,2,0.333,240,38,82,0.463,11,32,0.344,24,33,0.727,7,37,44,23,10,6,15,20,111,2015-16,0
1610612738,0041500132,"APR 19, 2016",BOS @ ATL,L,0,2,0.0,240,28,88,0.318,5,28,0.179,11,12,0.917,10,33,43,16,5,10,14,15,72,2015-16,0
1610612738,0041500131,"APR 16, 2016",BOS @ ATL,L,0,1,0.0,240,37,102,0.363,11,35,0.314,16,19,0.842,15,35,50,27,6,6,10,32,101,2015-16,0
1610612738,0021601219,"APR 12, 2017",BOS vs. MIL,W,53,29,0.646,240,41,90,0.456,12,36,0.333,18,26,0.692,10,35,45,31,12,3,8,17,112,2016-17,1
1610612738,0021601204,"APR 10, 2017",BOS vs. BKN,W,52,29,0.642,240,41,91,0.451,14,38,0.368,18,21,0.857,9,42,51,31,7,4,13,23,114,2016-17,1
1610612738,0021601189,"APR 08, 2017",BOS @ CHA,W,51,29,0.638,240,45,87,0.517,17,39,0.436,14,17,0.824,5,38,43,35,2,5,9,19,121,2016-17,1
1610612738,0021601177,"APR 06, 2017",BOS @ ATL,L,50,29,0.633,240,37,90,0.411,15,43,0.349,27,34,0.794,10,28,38,28,9,4,12,29,116,2016-17,1
1610612738,0021601169,"APR 05, 2017",BOS vs. CLE,L,50,28,0.641,240,33,81,0.407,7,33,0.212,18,29,0.621,8,30,38,21,6,4,12,18,91,2016-17,1
1610612738,0021601145,"APR 02, 2017",BOS @ NYK,W,50,27,0.649,240,40,72,0.556,12,37,0.324,18,26,0.692,5,36,41,22,8,3,17,25,110,2016-17,1
1610612738,0021601129,"MAR 31, 2017",BOS vs. ORL,W,49,27,0.645,240,38,84,0.452,12,33,0.364,29,34,0.853,5,40,45,27,6,5,11,18,117,2016-17,1
1610612738,0021601113,"MAR 29, 2017",BOS vs. MIL,L,48,27,0.64,240,35,88,0.398,12,37,0.324,18,23,0.783,15,27,42,24,8,3,16,18,100,2016-17,1
1610612738,0021601093,"MAR 26, 2017",BOS vs. MIA,W,48,26,0.649,240,41,77,0.532,8,24,0.333,22,25,0.88,8,27,35,32,8,3,16,19,112,2016-17,1
1610612738,0021601076,"MAR 24, 2017",BOS vs. PHX,W,47,26,0.644,240,44,94,0.468,14,41,0.341,28,35,0.8,12,38,50,31,8,5,15,32,130,2016-17,1
1610612738,0021601060,"MAR 22, 2017",BOS vs. IND,W,46,26,0.639,240,43,84,0.512,11,27,0.407,12,14,0.857,10,33,43,27,5,2,16,17,109,2016-17,1
1610612738,0021601047,"MAR 20, 2017",BOS vs. WAS,W,45,26,0.634,240,40,93,0.43,10,33,0.303,20,28,0.714,19,34,53,19,10,6,13,24,110,2016-17,1
1610612738,0021601037,"MAR 19, 2017",BOS @ PHI,L,44,26,0.629,240,34,84,0.405,6,29,0.207,25,29,0.862,8,33,41,27,8,5,17,15,99,2016-17,1
1610612738,0021601022,"MAR 17, 2017",BOS @ BKN,W,44,25,0.638,240,34,85,0.4,7,29,0.241,23,29,0.793,8,43,51,20,7,6,12,23,98,2016-17,1
1610612738,0021601006,"MAR 15, 2017",BOS vs. MIN,W,43,25,0.632,240,43,79,0.544,13,33,0.394,18,21,0.857,5,32,37,34,2,5,10,16,117,2016-17,1
1610612738,0021600985,"MAR 12, 2017",BOS vs. CHI,W,42,25,0.627,240,40,86,0.465,16,37,0.432,4,4,1.0,12,39,51,22,14,5,21,14,100,2016-17,1
1610612738,0021600970,"MAR 10, 2017",BOS @ DEN,L,41,25,0.621,240,34,81,0.42,12,33,0.364,19,23,0.826,9,25,34,19,11,2,18,23,99,2016-17,1
1610612738,0021600959,"MAR 08, 2017",BOS @ GSW,W,41,24,0.631,240,37,84,0.44,10,29,0.345,15,19,0.789,9,36,45,28,12,1,12,10,99,2016-17,1
1610612738,0021600945,"MAR 06, 2017",BOS @ LAC,L,40,24,0.625,240,34,83,0.41,10,35,0.286,24,29,0.828,7,30,37,22,9,2,11,31,102,2016-17,1
1610612738,0021600929,"MAR 05, 2017",BOS @ PHX,L,40,23,0.635,240,32,85,0.376,13,37,0.351,29,40,0.725,14,40,54,19,6,6,12,28,106,2016-17,1
1610612738,0021600918,"MAR 03, 2017",BOS @ LAL,W,40,22,0.645,240,43,84,0.512,10,33,0.303,19,25,0.76,6,40,46,30,7,2,18,17,115,2016-17,1
1610612738,0021600901,"MAR 01, 2017",BOS vs. CLE,W,39,22,0.639,240,36,78,0.462,13,31,0.419,18,23,0.783,8,39,47,28,4,6,12,21,103,2016-17,1
1610612738,0021600885,"FEB 27, 2017",BOS vs. ATL,L,38,22,0.633,240,34,87,0.391,10,34,0.294,20,25,0.8,9,31,40,21,9,7,18,20,98,2016-17,1
1610612738,0021600879,"FEB 26, 2017",BOS @ DET,W,38,21,0.644,240,34,85,0.4,12,35,0.343,24,30,0.8,9,43,52,22,9,1,14,26,104,2016-17,1
1610612738,0021600858,"FEB 24, 2017",BOS @ TOR,L,37,21,0.638,240,33,78,0.423,12,38,0.316,19,22,0.864,7,29,36,19,4,3,11,21,97,2016-17,1
1610612738,0021600849,"FEB 16, 2017",BOS @ CHI,L,37,20,0.649,240,36,77,0.468,14,37,0.378,17,20,0.85,4,27,31,24,2,4,7,18,103,2016-17,1
1610612738,0021600836,"FEB 15, 2017",BOS vs. PHI,W,37,19,0.661,240,38,80,0.475,13,28,0.464,27,36,0.75,6,33,39,21,13,4,22,18,116,2016-17,1
1610612738,0021600826,"FEB 13, 2017",BOS @ DAL,W,36,19,0.655,240,40,81,0.494,16,34,0.471,15,18,0.833,7,34,41,28,5,3,12,25,111,2016-17,1
1610612738,0021600815,"FEB 11, 2017",BOS @ UTA,W,35,19,0.648,240,42,71,0.592,13,30,0.433,15,23,0.652,3,34,37,20,6,4,16,24,112,2016-17,1
1610612738,0021600798,"FEB 09, 2017",BOS @ POR,W,34,19,0.642,240,44,91,0.484,10,30,0.333,22,27,0.815,14,29,43,23,8,1,8,21,120,2016-17,1
1610612738,0021600793,"FEB 08, 2017",BOS @ SAC,L,33,19,0.635,240,29,73,0.397,10,32,0.313,24,27,0.889,7,32,39,18,8,2,17,19,92,2016-17,1
1610612738,0021600766,"FEB 05, 2017",BOS vs. LAC,W,33,18,0.647,240,37,88,0.42,16,52,0.308,17,20,0.85,9,36,45,24,9,3,11,21,107,2016-17,1
1610612738,0021600751,"FEB 03, 2017",BOS vs. LAL,W,32,18,0.64,240,39,82,0.476,13,35,0.371,22,28,0.786,7,40,47,28,8,1,16,19,113,2016-17,1
1610612738,0021600732,"FEB 01, 2017",BOS vs. TOR,W,31,18,0.633,240,36,87,0.414,12,36,0.333,25,30,0.833,12,27,39,24,6,2,9,21,109,2016-17,1
1610612738,0021600721,"JAN 30, 2017",BOS vs. DET,W,30,18,0.625,240,36,82,0.439,13,32,0.406,28,33,0.848,6,38,44,23,6,5,9,18,113,2016-17,1
1610612738,0021600706,"JAN 28, 2017",BOS @ MIL,W,29,18,0.617,265,37,89,0.416,14,41,0.341,24,30,0.8,9,35,44,26,6,7,13,23,112,2016-17,1
1610612738,0021600697,"JAN 27, 2017",BOS vs. ORL,W,28,18,0.609,240,50,89,0.562,16,34,0.471,12,15,0.8,7,40,47,39,8,5,10,17,128,2016-17,1
1610612738,0021600681,"JAN 25, 2017",BOS vs. HOU,W,27,18,0.6,240,47,91,0.516,11,32,0.344,15,16,0.938,12,36,48,33,10,3,18,27,120,2016-17,1
1610612738,0021600676,"JAN 24, 2017",BOS @ WAS,L,26,18,0.591,240,38,84,0.452,10,33,0.303,22,24,0.917,8,24,32,24,10,3,13,20,108,2016-17,1
1610612738,0021600650,"JAN 21, 2017",BOS vs. POR,L,26,17,0.605,265,42,92,0.457,13,35,0.371,26,31,0.839,14,33,47,26,6,2,21,29,123,2016-17,1
1610612738,0021600630,"JAN 18, 2017",BOS vs. NYK,L,26,16,0.619,240,35,91,0.385,9,33,0.273,27,29,0.931,9,24,33,25,8,8,3,15,106,2016-17,1
1610612738,0021600618,"JAN 16, 2017",BOS vs. CHA,W,26,15,0.634,240,42,84,0.5,15,39,0.385,9,10,0.9,8,36,44,29,6,3,12,11,108,2016-17,1
1610612738,0021600597,"JAN 13, 2017",BOS @ ATL,W,25,15,0.625,240,36,83,0.434,17,44,0.386,14,19,0.737,9,34,43,22,7,3,12,16,103,2016-17,1
1610612738,0021600583,"JAN 11, 2017",BOS vs. WAS,W,24,15,0.615,240,43,85,0.506,17,41,0.415,14,18,0.778,10,35,45,20,5,7,14,10,117,2016-17,1
1610612738,0021600572,"JAN 10, 2017",BOS @ TOR,L,23,15,0.605,240,40,85,0.471,9,27,0.333,17,20,0.85,6,27,33,21,7,3,14,20,106,2016-17,1
1610612738,0021600553,"JAN 07, 2017",BOS vs. NOP,W,23,14,0.622,240,40,93,0.43,18,36,0.5,19,21,0.905,15,32,47,26,6,5,10,22,117,2016-17,1
1610612738,0021600546,"JAN 06, 2017",BOS vs. PHI,W,22,14,0.611,240,35,87,0.402,19,40,0.475,21,25,0.84,12,30,42,28,6,11,17,22,110,2016-17,1
1610612738,0021600522,"JAN 03, 2017",BOS vs. UTA,W,21,14,0.6,240,41,74,0.554,17,31,0.548,16,17,0.941,4,28,32,31,5,6,13,22,115,2016-17,1
1610612738,0021600494,"DEC 30, 2016",BOS vs. MIA,W,20,14,0.588,240,38,74,0.514,17,32,0.531,24,29,0.828,5,25,30,28,6,2,13,11,117,2016-17,1
1610612738,0021600488,"DEC 29, 2016",BOS @ CLE,L,19,14,0.576,240,43,85,0.506,12,37,0.324,20,21,0.952,6,23,29,26,15,4,11,23,118,2016-17,1
1610612738,0021600472,"DEC 27, 2016",BOS vs. MEM,W,19,13,0.594,240,41,85,0.482,12,31,0.387,19,21,0.905,14,33,47,30,6,7,17,24,113,2016-17,1
1610612738,0021600456,"DEC 25, 2016",BOS @ NYK,W,18,13,0.581,240,45,93,0.484,14,36,0.389,15,20,0.75,12,27,39,25,10,2,5,20,119,2016-17,1
1610612738,0021600445,"DEC 23, 2016",BOS vs. OKC,L,17,13,0.567,240,41,93,0.441,9,28,0.321,21,26,0.808,10,29,39,29,8,2,12,29,112,2016-17,1
1610612738,0021600440,"DEC 22, 2016",BOS @ IND,W,17,12,0.586,240,38,92,0.413,10,39,0.256,23,27,0.852,9,35,44,19,10,2,10,27,109,2016-17,1
1610612738,0021600424,"DEC 20, 2016",BOS @ MEM,W,16,12,0.571,265,33,81,0.407,12,37,0.324,34,38,0.895,8,33,41,22,7,5,11,22,112,2016-17,1
1610612738,0021600410,"DEC 18, 2016",BOS @ MIA,W,15,12,0.556,240,41,90,0.456,9,28,0.321,14,19,0.737,11,26,37,21,13,2,11,16,105,2016-17,1
1610612738,0021600391,"DEC 16, 2016",BOS vs. CHA,W,14,12,0.538,240,34,78,0.436,9,28,0.321,19,26,0.731,5,41,46,26,7,8,13,15,96,2016-17,1
1610612738,0021600383,"DEC 14, 2016",BOS @ SAS,L,13,12,0.52,240,37,84,0.44,10,31,0.323,17,20,0.85,8,27,35,25,12,3,12,13,101,2016-17,1
1610612738,0021600357,"DEC 11, 2016",BOS @ OKC,L,13,11,0.542,240,40,90,0.444,11,32,0.344,5,8,0.625,12,28,40,28,9,4,13,22,96,2016-17,1
1610612738,0021600339,"DEC 09, 2016",BOS vs. TOR,L,13,10,0.565,240,31,83,0.373,17,42,0.405,15,22,0.682,8,38,46,24,5,4,13,18,94,2016-17,1
1610612738,0021600322,"DEC 07, 2016",BOS @ ORL,W,13,9,0.591,240,43,84,0.512,7,26,0.269,24,29,0.828,11,38,49,29,7,4,10,19,117,2016-17,1
1610612738,0021600311,"DEC 05, 2016",BOS @ HOU,L,12,9,0.571,240,42,99,0.424,11,32,0.344,11,12,0.917,10,32,42,27,7,4,11,20,106,2016-17,1
1610612738,0021600294,"DEC 03, 2016",BOS @ PHI,W,12,8,0.6,240,38,76,0.5,8,26,0.308,23,29,0.793,6,31,37,22,5,3,10,21,107,2016-17,1
1610612738,0021600283,"DEC 02, 2016",BOS vs. SAC,W,11,8,0.579,240,36,88,0.409,11,28,0.393,14,15,0.933,11,34,45,25,10,9,13,22,97,2016-17,1
1610612738,0021600267,"NOV 30, 2016",BOS vs. DET,L,10,8,0.556,240,40,91,0.44,15,42,0.357,19,20,0.95,9,24,33,26,6,3,5,17,114,2016-17,1
1610612738,0021600256,"NOV 28, 2016",BOS @ MIA,W,10,7,0.588,240,40,83,0.482,11,27,0.407,21,26,0.808,6,34,40,26,4,3,9,27,112,2016-17,1
1610612738,0021600225,"NOV 25, 2016",BOS vs. SAS,L,9,7,0.563,240,42,91,0.462,12,34,0.353,7,9,0.778,8,28,36,32,8,4,10,21,103,2016-17,1
1610612738,0021600217,"NOV 23, 2016",BOS @ BKN,W,9,6,0.6,240,45,98,0.459,15,38,0.395,6,8,0.75,12,39,51,26,13,6,13,22,111,2016-17,1
1610612738,0021600205,"NOV 21, 2016",BOS @ MIN,W,8,6,0.571,240,38,84,0.452,12,38,0.316,11,14,0.786,6,33,39,20,5,4,11,21,99,2016-17,1
1610612738,0021600188,"NOV 19, 2016",BOS @ DET,W,7,6,0.538,240,33,82,0.402,12,31,0.387,16,17,0.941,9,37,46,22,3,7,8,13,94,2016-17,1
1610612738,0021600179,"NOV 18, 2016",BOS vs. GSW,L,6,6,0.5,240,31,83,0.373,11,32,0.344,15,19,0.789,7,36,43,19,6,3,13,12,88,2016-17,1
1610612738,0021600161,"NOV 16, 2016",BOS vs. DAL,W,6,5,0.545,240,33,76,0.434,7,21,0.333,17,23,0.739,13,40,53,18,6,3,19,17,90,2016-17,1
1610612738,0021600148,"NOV 14, 2016",BOS @ NOP,L,5,5,0.5,240,38,95,0.4,12,41,0.293,17,20,0.85,11,33,44,19,9,0,10,27,105,2016-17,1
1610612738,0021600130,"NOV 12, 2016",BOS @ IND,W,5,4,0.556,240,35,80,0.438,8,25,0.32,27,33,0.818,15,32,47,22,7,7,13,21,105,2016-17,1
1610612738,0021600125,"NOV 11, 2016",BOS vs. NYK,W,4,4,0.5,240,35,90,0.389,11,27,0.407,34,43,0.791,19,34,53,23,16,3,15,18,115,2016-17,1
1610612738,0021600107,"NOV 09, 2016",BOS @ WAS,L,3,4,0.429,240,35,81,0.432,10,31,0.323,13,22,0.591,7,24,31,21,5,4,11,19,93,2016-17,1
1610612738,0021600091,"NOV 06, 2016",BOS vs. DEN,L,3,3,0.5,240,41,90,0.456,8,25,0.32,17,21,0.81,11,28,39,31,3,4,11,24,107,2016-17,1
1610612738,0021600068,"NOV 03, 2016",BOS @ CLE,L,3,2,0.6,240,46,96,0.479,11,32,0.344,19,22,0.864,10,29,39,25,4,6,8,28,122,2016-17,1
1610612738,0021600061,"NOV 02, 2016",BOS vs. CHI,W,3,1,0.75,240,41,87,0.471,14,32,0.438,11,17,0.647,10,29,39,28,10,4,12,24,107,2016-17,1
1610612738,0021600027,"OCT 29, 2016",BOS @ CHA,W,2,1,0.667,240,39,81,0.481,15,31,0.484,11,17,0.647,4,38,42,25,4,6,13,26,104,2016-17,1
1610612738,0021600015,"OCT 27, 2016",BOS @ CHI,L,1,1,0.5,240,38,76,0.5,8,23,0.348,15,24,0.625,3,33,36,22,6,6,11,25,99,2016-17,1
1610612738,0021600006,"OCT 26, 2016",BOS vs. BKN,W,1,0,1.0,240,48,89,0.539,11,32,0.344,15,18,0.833,12,35,47,36,13,9,19,20,122,2016-17,1
1610612738,0041600305,"MAY 25, 2017",BOS vs. CLE,L,1,4,0.2,240,37,86,0.43,11,30,0.367,17,23,0.739,12,27,39,20,7,5,18,23,102,2016-17,0
1610612738,0041600304,"MAY 23, 2017",BOS @ CLE,L,1,3,0.25,240,35,79,0.443,10,31,0.323,19,20,0.95,7,22,29,26,7,2,12,15,99,2016-17,0
1610612738,0041600303,"MAY 21, 2017",BOS @ CLE,W,1,2,0.333,240,42,91,0.462,18,40,0.45,9,12,0.75,11,27,38,28,10,3,9,23,111,2016-17,0
1610612738,0041600302,"MAY 19, 2017",BOS vs. CLE,L,0,2,0.0,240,32,86,0.372,8,27,0.296,14,15,0.933,10,29,39,23,7,4,20,19,86,2016-17,0
1610612738,0041600301,"MAY 17, 2017",BOS vs. CLE,L,0,1,0.0,240,41,88,0.466,12,38,0.316,10,18,0.556,13,27,40,33,4,1,14,26,104,2016-17,0
1610612738,0041600207,"MAY 15, 2017",BOS vs. WAS,W,4,3,0.571,240,42,79,0.532,11,24,0.458,20,25,0.8,4,27,31,27,7,4,8,24,115,2016-17,0
1610612738,0041600206,"MAY 12, 2017",BOS @ WAS,L,3,3,0.5,240,32,79,0.405,11,35,0.314,16,18,0.889,7,30,37,25,5,3,10,19,91,2016-17,0
1610612738,0041600205,"MAY 10, 2017",BOS vs. WAS,W,3,2,0.6,240,46,87,0.529,16,33,0.485,15,21,0.714,9,39,48,33,7,8,11,25,123,2016-17,0
1610612738,0041600204,"MAY 07, 2017",BOS @ WAS,L,2,2,0.5,240,35,79,0.443,14,31,0.452,18,24,0.75,9,22,31,28,13,6,18,25,102,2016-17,0
1610612738,0041600203,"MAY 04, 2017",BOS @ WAS,L,2,1,0.667,240,27,77,0.351,10,32,0.313,25,33,0.758,8,30,38,20,4,2,16,26,89,2016-17,0
1610612738,0041600202,"MAY 02, 2017",BOS vs. WAS,W,2,0,1.0,265,45,88,0.511,13,36,0.361,26,34,0.765,12,29,41,26,11,7,16,21,129,2016-17,0
1610612738,0041600201,"APR 30, 2017",BOS vs. WAS,W,1,0,1.0,240,46,90,0.511,19,39,0.487,12,15,0.8,12,26,38,32,8,7,11,25,123,2016-17,0
1610612738,0041600106,"APR 28, 2017",BOS @ CHI,W,4,2,0.667,240,39,80,0.488,16,39,0.41,11,18,0.611,7,36,43,28,7,5,9,14,105,2016-17,0
1610612738,0041600105,"APR 26, 2017",BOS vs. CHI,W,3,2,0.6,240,38,88,0.432,9,40,0.225,23,23,1.0,8,30,38,27,9,3,6,16,108,2016-17,0
1610612738,0041600104,"APR 23, 2017",BOS @ CHI,W,2,2,0.5,240,38,82,0.463,10,37,0.27,18,22,0.818,11,31,42,22,7,4,13,24,104,2016-17,0
1610612738,0041600103,"APR 21, 2017",BOS @ CHI,W,1,2,0.333,240,41,86,0.477,17,37,0.459,5,7,0.714,7,30,37,34,11,2,12,12,104,2016-17,0
1610612738,0041600102,"APR 18, 2017",BOS vs. CHI,L,0,2,0.0,240,38,82,0.463,10,33,0.303,11,19,0.579,11,27,38,26,6,4,16,17,97,2016-17,0
1610612738,0041600101,"APR 16, 2017",BOS vs. CHI,L,0,1,0.0,240,37,86,0.43,14,38,0.368,14,19,0.737,12,24,36,27,9,4,15,20,102,2016-17,0
1610612738,0021701219,"APR 11, 2018",BOS vs. BKN,W,55,27,0.671,240,46,102,0.451,6,24,0.25,12,15,0.8,20,42,62,22,6,6,13,14,110,2017-18,1
1610612738,0021701215,"APR 10, 2018",BOS @ WAS,L,54,27,0.667,240,33,87,0.379,13,33,0.394,22,27,0.815,13,31,44,22,14,1,16,18,101,2017-18,1
1610612738,0021701202,"APR 08, 2018",BOS vs. ATL,L,54,26,0.675,240,42,82,0.512,9,23,0.391,13,20,0.65,10,31,41,33,9,6,12,18,106,2017-18,1
1610612738,0021701185,"APR 06, 2018",BOS vs. CHI,W,54,25,0.684,240,45,81,0.556,14,34,0.412,7,17,0.412,6,40,46,35,9,6,18,15,111,2017-18,1
1610612738,0021701171,"APR 04, 2018",BOS @ TOR,L,53,25,0.679,240,25,75,0.333,3,22,0.136,25,28,0.893,8,35,43,10,7,3,16,16,78,2017-18,1
1610612738,0021701162,"APR 03, 2018",BOS @ MIL,L,53,24,0.688,240,38,81,0.469,7,23,0.304,19,24,0.792,10,27,37,19,10,6,17,17,102,2017-18,1
1610612738,0021701140,"MAR 31, 2018",BOS vs. TOR,W,53,23,0.697,240,40,88,0.455,7,17,0.412,23,27,0.852,8,33,41,19,6,3,5,23,110,2017-18,1
1610612738,0021701121,"MAR 28, 2018",BOS @ UTA,W,52,23,0.693,240,35,79,0.443,12,21,0.571,15,20,0.75,11,31,42,20,11,2,16,18,97,2017-18,1
1610612738,0021701107,"MAR 26, 2018",BOS @ PHX,W,51,23,0.689,240,37,87,0.425,14,29,0.483,14,14,1.0,10,34,44,24,10,3,12,19,102,2017-18,1
1610612738,0021701099,"MAR 25, 2018",BOS @ SAC,W,50,23,0.685,240,40,72,0.556,12,22,0.545,12,17,0.706,3,32,35,23,9,2,15,11,104,2017-18,1
1610612738,0021701086,"MAR 23, 2018",BOS @ POR,W,49,23,0.681,240,35,77,0.455,11,18,0.611,24,26,0.923,9,36,45,22,5,4,13,18,105,2017-18,1
1610612738,0021701059,"MAR 20, 2018",BOS vs. OKC,W,48,23,0.676,240,36,87,0.414,13,36,0.361,15,16,0.938,11,41,52,22,6,5,17,24,100,2017-18,1
1610612738,0021701047,"MAR 18, 2018",BOS @ NOP,L,47,23,0.671,240,35,87,0.402,9,26,0.346,10,20,0.5,9,35,44,17,8,3,12,21,89,2017-18,1
1610612738,0021701029,"MAR 16, 2018",BOS @ ORL,W,47,22,0.681,240,31,82,0.378,9,26,0.346,21,28,0.75,16,39,55,16,7,6,18,17,92,2017-18,1
1610612738,0021701017,"MAR 14, 2018",BOS vs. WAS,L,46,22,0.676,290,48,99,0.485,12,26,0.462,16,23,0.696,10,34,44,30,9,5,17,22,124,2017-18,1
1610612738,0021700998,"MAR 11, 2018",BOS vs. IND,L,46,21,0.687,240,34,81,0.42,12,37,0.324,17,21,0.81,10,32,42,26,10,5,16,13,97,2017-18,1
1610612738,0021700974,"MAR 08, 2018",BOS @ MIN,W,46,20,0.697,240,43,87,0.494,11,32,0.344,20,27,0.741,9,37,46,28,7,2,11,17,117,2017-18,1
1610612738,0021700953,"MAR 05, 2018",BOS @ CHI,W,45,20,0.692,240,41,84,0.488,12,36,0.333,11,12,0.917,12,41,53,25,7,4,18,13,105,2017-18,1
1610612738,0021700939,"MAR 03, 2018",BOS @ HOU,L,44,20,0.688,240,44,91,0.484,13,24,0.542,19,21,0.905,10,28,38,22,6,3,13,21,120,2017-18,1
1610612738,0021700916,"FEB 28, 2018",BOS vs. CHA,W,44,19,0.698,240,54,87,0.621,12,20,0.6,14,15,0.933,4,43,47,31,3,4,10,20,134,2017-18,1
1610612738,0021700898,"FEB 26, 2018",BOS vs. MEM,W,43,19,0.694,240,39,86,0.453,12,37,0.324,19,27,0.704,9,35,44,25,5,5,8,23,109,2017-18,1
1610612738,0021700886,"FEB 24, 2018",BOS @ NYK,W,42,19,0.689,240,42,93,0.452,13,33,0.394,24,28,0.857,11,34,45,21,11,5,11,15,121,2017-18,1
1610612738,0021700873,"FEB 23, 2018",BOS @ DET,W,41,19,0.683,240,41,85,0.482,17,39,0.436,11,18,0.611,10,32,42,30,8,5,11,22,110,2017-18,1
1610612738,0021700858,"FEB 14, 2018",BOS vs. LAC,L,40,19,0.678,240,42,97,0.433,15,31,0.484,20,21,0.952,11,35,46,24,4,7,8,31,119,2017-18,1
1610612738,0021700835,"FEB 11, 2018",BOS vs. CLE,L,40,18,0.69,240,36,89,0.404,10,38,0.263,17,22,0.773,13,30,43,22,3,4,14,14,99,2017-18,1
1610612738,0021700820,"FEB 09, 2018",BOS vs. IND,L,40,17,0.702,240,34,89,0.382,7,27,0.259,16,20,0.8,12,26,38,16,5,8,10,21,91,2017-18,1
1610612738,0021700813,"FEB 08, 2018",BOS @ WAS,W,40,16,0.714,265,39,84,0.464,9,26,0.346,23,34,0.676,7,38,45,16,9,6,18,20,110,2017-18,1
1610612738,0021700798,"FEB 06, 2018",BOS @ TOR,L,39,16,0.709,240,33,83,0.398,10,23,0.435,15,20,0.75,9,29,38,21,3,3,17,19,91,2017-18,1
1610612738,0021700784,"FEB 04, 2018",BOS vs. POR,W,39,15,0.722,240,35,85,0.412,15,36,0.417,12,17,0.706,9,42,51,24,3,6,11,16,97,2017-18,1
1610612738,0021700767,"FEB 02, 2018",BOS vs. ATL,W,38,15,0.717,240,45,89,0.506,11,24,0.458,18,20,0.9,7,35,42,26,8,3,11,23,119,2017-18,1
1610612738,0021700758,"JAN 31, 2018",BOS vs. NYK,W,37,15,0.712,240,40,83,0.482,11,26,0.423,12,20,0.6,5,44,49,27,8,3,9,22,103,2017-18,1
1610612738,0021700743,"JAN 29, 2018",BOS @ DEN,W,36,15,0.706,240,43,91,0.473,17,36,0.472,8,10,0.8,10,30,40,28,4,6,9,19,111,2017-18,1
1610612738,0021700728,"JAN 27, 2018",BOS @ GSW,L,35,15,0.7,240,37,85,0.435,14,28,0.5,17,24,0.708,11,34,45,17,6,2,14,23,105,2017-18,1
1610612738,0021700709,"JAN 24, 2018",BOS @ LAC,W,35,14,0.714,240,39,93,0.419,14,40,0.35,21,22,0.955,10,37,47,25,10,3,13,28,113,2017-18,1
1610612738,0021700700,"JAN 23, 2018",BOS @ LAL,L,34,14,0.708,240,42,90,0.467,15,44,0.341,8,10,0.8,7,35,42,22,3,5,11,25,107,2017-18,1
1610612738,0021700683,"JAN 21, 2018",BOS vs. ORL,L,34,13,0.723,240,37,85,0.435,8,27,0.296,13,14,0.929,11,33,44,22,6,9,15,18,95,2017-18,1
1610612738,0021700663,"JAN 18, 2018",BOS vs. PHI,L,34,12,0.739,240,30,74,0.405,7,29,0.241,13,17,0.765,3,28,31,13,7,5,19,20,80,2017-18,1
1610612738,0021700650,"JAN 16, 2018",BOS vs. NOP,L,34,11,0.756,265,40,101,0.396,19,50,0.38,14,16,0.875,12,41,53,27,7,3,18,24,113,2017-18,1
1610612738,0021700614,"JAN 11, 2018",BOS @ PHI,W,34,10,0.773,240,43,89,0.483,13,35,0.371,15,19,0.789,11,35,46,24,11,2,18,18,114,2017-18,1
1610612738,0021700579,"JAN 06, 2018",BOS @ BKN,W,33,10,0.767,240,37,98,0.378,5,18,0.278,8,15,0.533,12,32,44,12,8,13,4,17,87,2017-18,1
1610612738,0021700570,"JAN 05, 2018",BOS vs. MIN,W,32,10,0.762,240,38,94,0.404,6,36,0.167,9,13,0.692,17,39,56,24,6,4,10,22,91,2017-18,1
1610612738,0021700559,"JAN 03, 2018",BOS vs. CLE,W,31,10,0.756,240,41,92,0.446,12,36,0.333,8,11,0.727,9,43,52,27,9,2,15,20,102,2017-18,1
1610612738,0021700539,"DEC 31, 2017",BOS vs. BKN,W,30,10,0.75,240,39,79,0.494,14,33,0.424,16,25,0.64,8,42,50,21,7,8,17,22,108,2017-18,1
1610612738,0021700517,"DEC 28, 2017",BOS vs. HOU,W,29,10,0.744,240,37,82,0.451,8,29,0.276,17,24,0.708,10,34,44,18,9,8,16,22,99,2017-18,1
1610612738,0021700506,"DEC 27, 2017",BOS @ CHA,W,28,10,0.737,240,37,78,0.474,15,34,0.441,13,13,1.0,6,37,43,20,4,7,15,20,102,2017-18,1
1610612738,0021700495,"DEC 25, 2017",BOS vs. WAS,L,27,10,0.73,240,39,81,0.481,14,29,0.483,11,17,0.647,8,37,45,20,2,4,16,23,103,2017-18,1
1610612738,0021700485,"DEC 23, 2017",BOS vs. CHI,W,27,9,0.75,240,44,92,0.478,12,32,0.375,17,21,0.81,8,38,46,29,9,5,5,18,117,2017-18,1
1610612738,0021700468,"DEC 21, 2017",BOS @ NYK,L,26,9,0.743,240,33,86,0.384,13,38,0.342,14,19,0.737,9,26,35,17,11,1,10,20,93,2017-18,1
1610612738,0021700456,"DEC 20, 2017",BOS vs. MIA,L,26,8,0.765,240,30,80,0.375,13,32,0.406,16,21,0.762,5,39,44,18,5,5,10,22,89,2017-18,1
1610612738,0021700442,"DEC 18, 2017",BOS @ IND,W,26,7,0.788,240,44,79,0.557,16,26,0.615,8,14,0.571,6,32,38,26,6,4,19,31,112,2017-18,1
1610612738,0021700436,"DEC 16, 2017",BOS @ MEM,W,25,7,0.781,240,39,80,0.488,14,30,0.467,10,14,0.714,14,28,42,21,6,6,16,19,102,2017-18,1
1610612738,0021700423,"DEC 15, 2017",BOS vs. UTA,L,24,7,0.774,240,35,86,0.407,9,31,0.29,16,19,0.842,2,29,31,20,10,5,8,18,95,2017-18,1
1610612738,0021700407,"DEC 13, 2017",BOS vs. DEN,W,24,6,0.8,240,47,79,0.595,11,25,0.44,19,24,0.792,4,26,30,29,10,7,13,20,124,2017-18,1
1610612738,0021700391,"DEC 11, 2017",BOS @ CHI,L,23,6,0.793,240,33,83,0.398,10,40,0.25,9,14,0.643,11,35,46,22,2,2,15,19,85,2017-18,1
1610612738,0021700386,"DEC 10, 2017",BOS @ DET,W,23,5,0.821,240,33,79,0.418,11,30,0.367,14,18,0.778,9,41,50,16,4,4,13,18,91,2017-18,1
1610612738,0021700374,"DEC 08, 2017",BOS @ SAS,L,22,5,0.815,240,38,83,0.458,11,38,0.289,15,17,0.882,11,28,39,14,10,0,14,22,102,2017-18,1
1610612738,0021700356,"DEC 06, 2017",BOS vs. DAL,W,22,4,0.846,240,36,87,0.414,12,34,0.353,13,17,0.765,9,44,53,25,8,8,11,15,97,2017-18,1
1610612738,0021700343,"DEC 04, 2017",BOS vs. MIL,W,21,4,0.84,240,43,78,0.551,10,22,0.455,15,19,0.789,8,37,45,25,5,3,14,20,111,2017-18,1
1610612738,0021700326,"DEC 02, 2017",BOS vs. PHX,W,20,4,0.833,240,42,80,0.525,14,31,0.452,18,23,0.783,4,27,31,32,8,6,9,16,116,2017-18,1
1610612738,0021700314,"NOV 30, 2017",BOS vs. PHI,W,19,4,0.826,240,40,79,0.506,12,29,0.414,16,20,0.8,7,33,40,25,7,7,16,20,108,2017-18,1
1610612738,0021700292,"NOV 27, 2017",BOS vs. DET,L,18,4,0.818,240,40,77,0.519,16,33,0.485,12,21,0.571,5,31,36,27,2,4,17,23,108,2017-18,1
1610612738,0021700281,"NOV 25, 2017",BOS @ IND,W,18,3,0.857,240,45,80,0.563,10,25,0.4,8,9,0.889,4,26,30,22,8,4,14,13,108,2017-18,1
1610612738,0021700269,"NOV 24, 2017",BOS vs. ORL,W,17,3,0.85,240,42,91,0.462,17,42,0.405,17,25,0.68,13,33,46,27,6,10,8,20,118,2017-18,1
1610612738,0021700257,"NOV 22, 2017",BOS @ MIA,L,16,3,0.842,240,35,84,0.417,9,26,0.346,19,27,0.704,7,30,37,19,11,4,11,19,98,2017-18,1
1610612738,0021700249,"NOV 20, 2017",BOS @ DAL,W,16,2,0.889,265,38,84,0.452,13,36,0.361,21,26,0.808,5,48,53,24,8,4,17,24,110,2017-18,1
1610612738,0021700230,"NOV 18, 2017",BOS @ ATL,W,15,2,0.882,240,39,82,0.476,16,34,0.471,16,20,0.8,9,32,41,21,9,6,15,22,110,2017-18,1
1610612738,0021700215,"NOV 16, 2017",BOS vs. GSW,W,14,2,0.875,240,26,79,0.329,7,32,0.219,33,38,0.868,7,45,52,15,8,5,15,15,92,2017-18,1
1610612738,0021700201,"NOV 14, 2017",BOS @ BKN,W,13,2,0.867,240,39,86,0.453,9,27,0.333,22,27,0.815,9,40,49,15,8,3,14,14,109,2017-18,1
1610612738,0021700188,"NOV 12, 2017",BOS vs. TOR,W,12,2,0.857,240,35,87,0.402,10,26,0.385,15,19,0.789,15,31,46,24,9,2,14,18,95,2017-18,1
1610612738,0021700170,"NOV 10, 2017",BOS vs. CHA,W,11,2,0.846,240,30,84,0.357,9,31,0.29,21,25,0.84,9,40,49,15,6,5,13,26,90,2017-18,1
1610612738,0021700161,"NOV 08, 2017",BOS vs. LAL,W,10,2,0.833,240,38,98,0.388,7,29,0.241,24,31,0.774,16,32,48,20,8,6,13,20,107,2017-18,1
1610612738,0021700146,"NOV 06, 2017",BOS @ ATL,W,9,2,0.818,240,39,81,0.481,14,36,0.389,18,22,0.818,7,35,42,28,3,3,13,21,110,2017-18,1
1610612738,0021700138,"NOV 05, 2017",BOS @ ORL,W,8,2,0.8,240,39,89,0.438,11,33,0.333,15,20,0.75,9,45,54,26,10,1,13,21,104,2017-18,1
1610612738,0021700129,"NOV 03, 2017",BOS @ OKC,W,7,2,0.778,240,36,84,0.429,13,28,0.464,16,24,0.667,11,38,49,23,6,2,10,14,101,2017-18,1
1610612738,0021700109,"NOV 01, 2017",BOS vs. SAC,W,6,2,0.75,240,40,82,0.488,17,41,0.415,16,19,0.842,16,36,52,30,10,3,15,19,113,2017-18,1
1610612738,0021700092,"OCT 30, 2017",BOS vs. SAS,W,5,2,0.714,240,42,88,0.477,11,31,0.355,13,16,0.813,15,39,54,24,10,6,13,22,108,2017-18,1
1610612738,0021700078,"OCT 28, 2017",BOS @ MIA,W,4,2,0.667,240,34,81,0.42,6,23,0.261,22,26,0.846,11,30,41,15,11,5,12,14,96,2017-18,1
1610612738,0021700067,"OCT 26, 2017",BOS @ MIL,W,3,2,0.6,240,33,78,0.423,11,30,0.367,19,22,0.864,6,39,45,21,7,4,15,14,96,2017-18,1
1610612738,0021700051,"OCT 24, 2017",BOS vs. NYK,W,2,2,0.5,240,37,75,0.493,14,29,0.483,22,27,0.815,5,36,41,26,11,7,12,24,110,2017-18,1
1610612738,0021700019,"OCT 20, 2017",BOS @ PHI,W,1,2,0.333,240,35,84,0.417,10,29,0.345,22,32,0.688,14,41,55,16,4,5,19,24,102,2017-18,1
1610612738,0021700007,"OCT 18, 2017",BOS vs. MIL,L,0,2,0.0,240,39,91,0.429,11,28,0.393,11,21,0.524,11,32,43,23,12,2,12,27,100,2017-18,1
1610612738,0021700001,"OCT 17, 2017",BOS @ CLE,L,0,1,0.0,240,36,88,0.409,8,32,0.25,19,25,0.76,9,37,46,24,11,4,10,24,99,2017-18,1
1610612738,0041700307,"MAY 27, 2018",BOS vs. CLE,L,3,4,0.429,240,29,85,0.341,7,39,0.179,14,19,0.737,11,31,42,18,6,0,5,20,79,2017-18,0
1610612738,0041700306,"MAY 25, 2018",BOS @ CLE,L,3,3,0.5,240,38,74,0.514,12,28,0.429,11,20,0.55,5,26,31,25,5,2,13,18,99,2017-18,0
1610612738,0041700305,"MAY 23, 2018",BOS vs. CLE,W,3,2,0.6,240,31,85,0.365,13,39,0.333,21,23,0.913,7,38,45,18,10,6,8,19,96,2017-18,0
1610612738,0041700304,"MAY 21, 2018",BOS @ CLE,L,2,2,0.5,240,35,85,0.412,9,28,0.321,23,30,0.767,9,28,37,21,9,3,9,26,102,2017-18,0
1610612738,0041700303,"MAY 19, 2018",BOS @ CLE,L,2,1,0.667,240,29,74,0.392,6,22,0.273,22,28,0.786,6,28,34,16,4,4,15,25,86,2017-18,0
1610612738,0041700302,"MAY 15, 2018",BOS vs. CLE,W,2,0,1.0,240,40,92,0.435,10,31,0.323,17,20,0.85,11,35,46,24,8,2,5,18,107,2017-18,0
1610612738,0041700301,"MAY 13, 2018",BOS vs. CLE,W,1,0,1.0,240,43,84,0.512,11,30,0.367,11,13,0.846,6,42,48,27,6,4,9,17,108,2017-18,0
1610612738,0041700215,"MAY 09, 2018",BOS vs. PHI,W,4,1,0.8,240,38,85,0.447,7,20,0.35,31,41,0.756,13,26,39,18,12,3,10,24,114,2017-18,0
1610612738,0041700214,"MAY 07, 2018",BOS @ PHI,L,3,1,0.75,240,31,75,0.413,11,32,0.344,19,26,0.731,6,36,42,16,4,10,15,28,92,2017-18,0
1610612738,0041700213,"MAY 05, 2018",BOS @ PHI,W,3,0,1.0,265,41,91,0.451,10,38,0.263,9,14,0.643,9,40,49,19,9,7,13,20,101,2017-18,0
1610612738,0041700212,"MAY 03, 2018",BOS vs. PHI,W,2,0,1.0,240,37,82,0.451,15,36,0.417,19,24,0.792,5,36,41,23,7,3,9,16,108,2017-18,0
1610612738,0041700211,"APR 30, 2018",BOS vs. PHI,W,1,0,1.0,240,41,85,0.482,17,35,0.486,18,19,0.947,5,31,36,27,4,4,10,21,117,2017-18,0
1610612738,0041700117,"APR 28, 2018",BOS vs. MIL,W,4,3,0.571,240,45,84,0.536,9,26,0.346,13,21,0.619,11,31,42,28,9,4,14,23,112,2017-18,0
1610612738,0041700116,"APR 26, 2018",BOS @ MIL,L,3,3,0.5,240,30,81,0.37,10,36,0.278,16,19,0.842,6,33,39,18,3,3,9,19,86,2017-18,0
1610612738,0041700115,"APR 24, 2018",BOS vs. MIL,W,3,2,0.6,240,29,69,0.42,10,31,0.323,24,32,0.75,5,45,50,22,7,7,17,21,92,2017-18,0
1610612738,0041700114,"APR 22, 2018",BOS @ MIL,L,2,2,0.5,240,36,87,0.414,10,29,0.345,20,25,0.8,16,27,43,22,6,3,8,21,102,2017-18,0
1610612738,0041700113,"APR 20, 2018",BOS @ MIL,L,2,1,0.667,240,32,80,0.4,8,24,0.333,20,28,0.714,17,28,45,17,3,1,16,15,92,2017-18,0
1610612738,0041700112,"APR 17, 2018",BOS vs. MIL,W,2,0,1.0,240,48,90,0.533,13,31,0.419,11,18,0.611,9,29,38,24,10,6,5,16,120,2017-18,0
1610612738,0041700111,"APR 15, 2018",BOS vs. MIL,W,1,0,1.0,265,39,94,0.415,11,26,0.423,24,27,0.889,11,34,45,20,8,5,15,21,113,2017-18,0
1610612738,0021801211,"APR 09, 2019",BOS @ WAS,W,49,33,0.598,240,45,99,0.455,15,44,0.341,11,23,0.478,13,37,50,27,10,3,5,17,116,2018-19,1
1610612738,0021801203,"APR 07, 2019",BOS vs. ORL,L,48,33,0.593,240,42,89,0.472,12,31,0.387,12,14,0.857,6,33,39,28,9,4,13,19,108,2018-19,1
1610612738,0021801183,"APR 05, 2019",BOS @ IND,W,48,32,0.6,240,48,92,0.522,7,27,0.259,14,16,0.875,7,42,49,27,7,6,11,15,117,2018-19,1
1610612738,0021801170,"APR 03, 2019",BOS @ MIA,W,47,32,0.595,240,38,80,0.475,9,24,0.375,27,31,0.871,6,36,42,25,8,7,11,21,112,2018-19,1
1610612738,0021801153,"APR 01, 2019",BOS vs. MIA,W,46,32,0.59,240,36,91,0.396,17,40,0.425,21,24,0.875,14,35,49,25,8,2,12,18,110,2018-19,1
1610612738,0021801137,"MAR 30, 2019",BOS @ BKN,L,45,32,0.584,240,35,83,0.422,8,20,0.4,18,23,0.783,7,32,39,19,8,7,15,25,96,2018-19,1
1610612738,0021801130,"MAR 29, 2019",BOS vs. IND,W,45,31,0.592,240,44,86,0.512,13,27,0.481,13,17,0.765,7,36,43,27,8,5,14,19,114,2018-19,1
1610612738,0021801108,"MAR 26, 2019",BOS @ CLE,W,44,31,0.587,240,46,91,0.505,10,25,0.4,14,19,0.737,11,35,46,23,8,3,10,21,116,2018-19,1
1610612738,0021801100,"MAR 24, 2019",BOS vs. SAS,L,43,31,0.581,240,38,94,0.404,7,35,0.2,13,16,0.813,11,34,45,23,4,2,8,14,96,2018-19,1
1610612738,0021801087,"MAR 23, 2019",BOS @ CHA,L,43,30,0.589,240,44,93,0.473,19,43,0.442,10,15,0.667,7,35,42,31,6,8,10,23,117,2018-19,1
1610612738,0021801067,"MAR 20, 2019",BOS @ PHI,L,43,29,0.597,240,45,96,0.469,12,32,0.375,13,16,0.813,10,36,46,22,1,3,8,25,115,2018-19,1
1610612738,0021801052,"MAR 18, 2019",BOS vs. DEN,L,43,28,0.606,240,39,93,0.419,12,39,0.308,15,19,0.789,12,25,37,24,12,5,12,16,105,2018-19,1
1610612738,0021801034,"MAR 16, 2019",BOS vs. ATL,W,43,27,0.614,240,44,93,0.473,13,36,0.361,28,37,0.757,11,35,46,30,10,7,14,21,129,2018-19,1
1610612738,0021801022,"MAR 14, 2019",BOS vs. SAC,W,42,27,0.609,240,49,97,0.505,9,28,0.321,19,26,0.731,10,42,52,32,7,2,13,20,126,2018-19,1
1610612738,0021801006,"MAR 11, 2019",BOS @ LAC,L,41,27,0.603,240,44,91,0.484,14,36,0.389,13,19,0.684,7,22,29,26,11,4,13,24,115,2018-19,1
1610612738,0021800989,"MAR 09, 2019",BOS @ LAL,W,41,26,0.612,240,48,93,0.516,14,38,0.368,10,14,0.714,6,37,43,32,6,5,13,17,120,2018-19,1
1610612738,0021800973,"MAR 06, 2019",BOS @ SAC,W,40,26,0.606,240,40,79,0.506,13,33,0.394,18,21,0.857,3,32,35,26,11,1,17,22,111,2018-19,1
1610612738,0021800964,"MAR 05, 2019",BOS @ GSW,W,39,26,0.6,240,49,96,0.51,14,34,0.412,16,17,0.941,9,37,46,38,12,5,11,24,128,2018-19,1
1610612738,0021800945,"MAR 03, 2019",BOS vs. HOU,L,38,26,0.594,240,37,77,0.481,8,28,0.286,22,29,0.759,8,36,44,23,7,0,13,23,104,2018-19,1
1610612738,0021800931,"MAR 01, 2019",BOS vs. WAS,W,38,25,0.603,240,42,94,0.447,10,35,0.286,13,17,0.765,11,35,46,26,12,3,12,18,107,2018-19,1
1610612738,0021800913,"FEB 27, 2019",BOS vs. POR,L,37,25,0.597,240,40,86,0.465,5,28,0.179,7,10,0.7,8,33,41,20,5,4,16,20,92,2018-19,1
1610612738,0021800909,"FEB 26, 2019",BOS @ TOR,L,37,24,0.607,240,33,86,0.384,6,30,0.2,23,28,0.821,10,37,47,24,6,4,14,20,95,2018-19,1
1610612738,0021800889,"FEB 23, 2019",BOS @ CHI,L,37,23,0.617,240,45,92,0.489,10,29,0.345,16,21,0.762,6,26,32,26,6,7,7,18,116,2018-19,1
1610612738,0021800870,"FEB 21, 2019",BOS @ MIL,L,37,22,0.627,240,39,102,0.382,14,40,0.35,5,6,0.833,12,38,50,19,11,9,7,15,97,2018-19,1
1610612738,0021800855,"FEB 13, 2019",BOS vs. DET,W,37,21,0.638,240,45,88,0.511,16,39,0.41,12,15,0.8,10,37,47,32,8,2,16,22,118,2018-19,1
1610612738,0021800849,"FEB 12, 2019",BOS @ PHI,W,36,21,0.632,240,41,88,0.466,13,29,0.448,17,21,0.81,8,33,41,24,9,3,5,23,112,2018-19,1
1610612738,0021800829,"FEB 09, 2019",BOS vs. LAC,L,35,21,0.625,240,39,92,0.424,9,26,0.346,25,31,0.806,8,37,45,21,9,3,12,29,112,2018-19,1
1610612738,0021800814,"FEB 07, 2019",BOS vs. LAL,L,35,20,0.636,240,46,94,0.489,16,38,0.421,20,20,1.0,11,37,48,35,7,5,8,16,128,2018-19,1
1610612738,0021800797,"FEB 05, 2019",BOS @ CLE,W,35,19,0.648,240,40,82,0.488,9,26,0.346,14,14,1.0,8,34,42,29,10,10,13,14,103,2018-19,1
1610612738,0021800788,"FEB 03, 2019",BOS vs. OKC,W,34,19,0.642,240,54,91,0.593,13,34,0.382,13,17,0.765,5,33,38,36,8,6,14,22,134,2018-19,1
1610612738,0021800771,"FEB 01, 2019",BOS @ NYK,W,33,19,0.635,240,46,100,0.46,13,37,0.351,8,10,0.8,11,32,43,25,11,7,7,18,113,2018-19,1
1610612738,0021800756,"JAN 30, 2019",BOS vs. CHA,W,32,19,0.627,240,50,90,0.556,12,29,0.414,14,16,0.875,12,41,53,34,10,7,10,14,126,2018-19,1
1610612738,0021800746,"JAN 28, 2019",BOS vs. BKN,W,31,19,0.62,240,45,100,0.45,13,40,0.325,9,10,0.9,16,36,52,29,11,16,17,16,112,2018-19,1
1610612738,0021800732,"JAN 26, 2019",BOS vs. GSW,L,30,19,0.612,240,41,99,0.414,15,40,0.375,14,15,0.933,15,34,49,23,6,4,14,22,111,2018-19,1
1610612738,0021800707,"JAN 23, 2019",BOS vs. CLE,W,30,18,0.625,240,45,86,0.523,12,25,0.48,21,23,0.913,9,34,43,25,12,5,14,20,123,2018-19,1
1610612738,0021800698,"JAN 21, 2019",BOS vs. MIA,W,29,18,0.617,240,43,87,0.494,12,30,0.4,9,10,0.9,8,28,36,26,13,7,19,21,107,2018-19,1
1610612738,0021800683,"JAN 19, 2019",BOS @ ATL,W,28,18,0.609,240,39,88,0.443,12,32,0.375,23,25,0.92,11,32,43,19,10,8,15,18,113,2018-19,1
1610612738,0021800671,"JAN 18, 2019",BOS vs. MEM,W,27,18,0.6,240,44,86,0.512,17,38,0.447,17,22,0.773,10,42,52,29,5,9,17,20,122,2018-19,1
1610612738,0021800658,"JAN 16, 2019",BOS vs. TOR,W,26,18,0.591,240,46,92,0.5,14,30,0.467,11,13,0.846,14,35,49,32,7,6,14,24,117,2018-19,1
1610612738,0021800645,"JAN 14, 2019",BOS @ BKN,L,25,18,0.581,240,37,91,0.407,11,36,0.306,17,23,0.739,10,31,41,21,10,8,10,21,102,2018-19,1
1610612738,0021800632,"JAN 12, 2019",BOS @ ORL,L,25,17,0.595,240,38,90,0.422,8,32,0.25,19,28,0.679,10,36,46,19,7,3,8,18,103,2018-19,1
1610612738,0021800617,"JAN 10, 2019",BOS @ MIA,L,25,16,0.61,240,36,89,0.404,12,34,0.353,15,17,0.882,9,28,37,20,5,8,10,10,99,2018-19,1
1610612738,0021800607,"JAN 09, 2019",BOS vs. IND,W,25,15,0.625,240,50,88,0.568,14,32,0.438,21,24,0.875,9,39,48,32,7,7,13,25,135,2018-19,1
1610612738,0021800592,"JAN 07, 2019",BOS vs. BKN,W,24,15,0.615,240,47,93,0.505,12,32,0.375,10,12,0.833,6,37,43,37,13,2,13,21,116,2018-19,1
1610612738,0021800566,"JAN 04, 2019",BOS vs. DAL,W,23,15,0.605,240,42,96,0.438,21,45,0.467,9,11,0.818,14,39,53,35,12,4,12,16,114,2018-19,1
1610612738,0021800558,"JAN 02, 2019",BOS vs. MIN,W,22,15,0.595,240,45,76,0.592,12,30,0.4,13,15,0.867,3,30,33,34,10,9,16,21,115,2018-19,1
1610612738,0021800545,"DEC 31, 2018",BOS @ SAS,L,21,15,0.583,240,43,88,0.489,11,34,0.324,14,20,0.7,9,31,40,30,5,8,12,17,111,2018-19,1
1610612738,0021800531,"DEC 29, 2018",BOS @ MEM,W,21,14,0.6,240,40,80,0.5,16,36,0.444,16,18,0.889,7,29,36,29,10,4,17,24,112,2018-19,1
1610612738,0021800512,"DEC 27, 2018",BOS @ HOU,L,20,14,0.588,240,38,81,0.469,12,31,0.387,25,31,0.806,6,31,37,28,9,3,11,22,113,2018-19,1
1610612738,0021800499,"DEC 25, 2018",BOS vs. PHI,W,20,13,0.606,265,45,108,0.417,14,41,0.341,17,20,0.85,13,42,55,21,8,4,9,21,121,2018-19,1
1610612738,0021800488,"DEC 23, 2018",BOS vs. CHA,W,19,13,0.594,240,43,86,0.5,13,39,0.333,20,25,0.8,11,36,47,30,8,4,14,22,119,2018-19,1
1610612738,0021800473,"DEC 21, 2018",BOS vs. MIL,L,18,13,0.581,240,35,91,0.385,10,34,0.294,27,36,0.75,9,27,36,22,13,3,5,16,107,2018-19,1
1610612738,0021800458,"DEC 19, 2018",BOS vs. PHX,L,18,12,0.6,240,38,85,0.447,15,39,0.385,12,14,0.857,9,28,37,26,13,15,16,17,103,2018-19,1
1610612738,0021800431,"DEC 15, 2018",BOS @ DET,L,18,11,0.621,240,39,94,0.415,9,33,0.273,17,23,0.739,12,32,44,19,11,4,14,25,104,2018-19,1
1610612738,0021800420,"DEC 14, 2018",BOS vs. ATL,W,18,10,0.643,240,46,95,0.484,19,39,0.487,18,20,0.9,13,34,47,28,15,9,21,21,129,2018-19,1
1610612738,0021800409,"DEC 12, 2018",BOS @ WAS,W,17,10,0.63,265,47,104,0.452,11,38,0.289,25,25,1.0,14,36,50,20,6,2,13,19,130,2018-19,1
1610612738,0021800393,"DEC 10, 2018",BOS vs. NOP,W,16,10,0.615,240,44,90,0.489,12,39,0.308,13,19,0.684,14,37,51,23,8,5,13,21,113,2018-19,1
1610612738,0021800383,"DEC 08, 2018",BOS @ CHI,W,15,10,0.6,240,50,93,0.538,22,43,0.512,11,15,0.733,13,41,54,34,10,4,7,14,133,2018-19,1
1610612738,0021800365,"DEC 06, 2018",BOS vs. NYK,W,14,10,0.583,240,49,92,0.533,13,38,0.342,17,20,0.85,7,39,46,32,8,6,9,24,128,2018-19,1
1610612738,0021800335,"DEC 01, 2018",BOS @ MIN,W,13,10,0.565,240,40,85,0.471,17,44,0.386,21,21,1.0,7,33,40,30,9,3,14,25,118,2018-19,1
1610612738,0021800319,"NOV 30, 2018",BOS vs. CLE,W,12,10,0.545,240,49,92,0.533,17,31,0.548,13,16,0.813,12,35,47,30,4,4,10,27,128,2018-19,1
1610612738,0021800298,"NOV 26, 2018",BOS @ NOP,W,11,10,0.524,240,48,97,0.495,19,39,0.487,9,10,0.9,14,28,42,27,14,4,13,25,124,2018-19,1
1610612738,0021800283,"NOV 24, 2018",BOS @ DAL,L,10,10,0.5,240,41,86,0.477,10,28,0.357,12,13,0.923,9,33,42,19,8,3,17,21,104,2018-19,1
1610612738,0021800268,"NOV 23, 2018",BOS @ ATL,W,10,9,0.526,240,42,91,0.462,13,40,0.325,17,21,0.81,7,36,43,31,11,7,16,29,114,2018-19,1
1610612738,0021800255,"NOV 21, 2018",BOS vs. NYK,L,9,9,0.5,240,38,97,0.392,10,33,0.303,23,32,0.719,15,35,50,30,10,9,8,16,109,2018-19,1
1610612738,0021800239,"NOV 19, 2018",BOS @ CHA,L,9,8,0.529,240,45,89,0.506,9,32,0.281,13,18,0.722,8,33,41,31,9,6,12,22,112,2018-19,1
1610612738,0021800229,"NOV 17, 2018",BOS vs. UTA,L,9,7,0.563,240,35,91,0.385,5,33,0.152,11,20,0.55,17,34,51,16,11,4,14,22,86,2018-19,1
1610612738,0021800216,"NOV 16, 2018",BOS vs. TOR,W,9,6,0.6,265,47,89,0.528,9,26,0.346,20,24,0.833,9,37,46,25,9,6,18,23,123,2018-19,1
1610612738,0021800204,"NOV 14, 2018",BOS vs. CHI,W,8,6,0.571,240,42,90,0.467,15,34,0.441,12,14,0.857,8,43,51,27,12,5,13,12,111,2018-19,1
1610612738,0021800188,"NOV 11, 2018",BOS @ POR,L,7,6,0.538,240,36,93,0.387,14,42,0.333,8,10,0.8,11,31,42,19,11,5,12,16,94,2018-19,1
1610612738,0021800172,"NOV 09, 2018",BOS @ UTA,L,7,5,0.583,240,39,88,0.443,17,43,0.395,20,22,0.909,5,23,28,31,11,3,8,20,115,2018-19,1
1610612738,0021800164,"NOV 08, 2018",BOS @ PHX,W,7,4,0.636,265,39,97,0.402,14,37,0.378,24,31,0.774,17,39,56,21,6,6,16,18,116,2018-19,1
1610612738,0021800145,"NOV 05, 2018",BOS @ DEN,L,6,4,0.6,240,44,87,0.506,9,31,0.29,10,12,0.833,7,33,40,22,9,9,12,21,107,2018-19,1
1610612738,0021800127,"NOV 03, 2018",BOS @ IND,L,6,3,0.667,240,38,88,0.432,19,46,0.413,6,9,0.667,10,35,45,23,6,8,14,20,101,2018-19,1
1610612738,0021800115,"NOV 01, 2018",BOS vs. MIL,W,6,2,0.75,240,41,92,0.446,24,55,0.436,11,13,0.846,8,34,42,30,5,8,12,23,117,2018-19,1
1610612738,0021800099,"OCT 30, 2018",BOS vs. DET,W,5,2,0.714,240,37,84,0.44,9,31,0.29,25,32,0.781,8,38,46,25,8,4,14,20,108,2018-19,1
1610612738,0021800074,"OCT 27, 2018",BOS @ DET,W,4,2,0.667,240,39,86,0.453,14,34,0.412,17,25,0.68,8,46,54,25,4,8,13,26,109,2018-19,1
1610612738,0021800065,"OCT 25, 2018",BOS @ OKC,W,3,2,0.6,240,33,86,0.384,11,32,0.344,24,33,0.727,10,35,45,19,7,1,11,27,101,2018-19,1
1610612738,0021800040,"OCT 22, 2018",BOS vs. ORL,L,2,2,0.5,240,37,91,0.407,9,40,0.225,7,9,0.778,9,42,51,21,6,3,12,15,90,2018-19,1
1610612738,0021800028,"OCT 20, 2018",BOS @ NYK,W,2,1,0.667,240,33,82,0.402,9,25,0.36,28,33,0.848,11,36,47,21,8,2,15,26,103,2018-19,1
1610612738,0021800019,"OCT 19, 2018",BOS @ TOR,L,1,1,0.5,240,40,99,0.404,14,36,0.389,7,10,0.7,16,33,49,29,4,6,14,27,101,2018-19,1
1610612738,0021800001,"OCT 16, 2018",BOS vs. PHI,W,1,0,1.0,240,42,97,0.433,11,37,0.297,10,14,0.714,12,43,55,21,7,5,14,20,105,2018-19,1
1610612738,0041800205,"MAY 08, 2019",BOS @ MIL,L,1,4,0.2,240,29,93,0.312,7,39,0.179,26,34,0.765,12,36,48,19,9,1,14,18,91,2018-19,0
1610612738,0041800204,"MAY 06, 2019",BOS vs. MIL,L,1,3,0.25,240,34,90,0.378,9,41,0.22,24,30,0.8,9,42,51,25,3,5,10,20,101,2018-19,0
1610612738,0041800203,"MAY 03, 2019",BOS vs. MIL,L,1,2,0.333,240,35,81,0.432,16,40,0.4,30,32,0.938,6,38,44,24,9,3,17,27,116,2018-19,0
1610612738,0041800202,"APR 30, 2019",BOS @ MIL,L,1,1,0.5,240,34,86,0.395,10,28,0.357,24,27,0.889,7,38,45,19,5,2,13,23,102,2018-19,0
1610612738,0041800201,"APR 28, 2019",BOS @ MIL,W,1,0,1.0,240,47,87,0.54,13,31,0.419,5,8,0.625,3,48,51,25,5,11,11,21,112,2018-19,0
1610612738,0041800134,"APR 21, 2019",BOS @ IND,W,4,0,1.0,240,36,78,0.462,11,28,0.393,27,34,0.794,7,36,43,18,7,1,16,23,110,2018-19,0
1610612738,0041800133,"APR 19, 2019",BOS @ IND,W,3,0,1.0,240,38,81,0.469,15,34,0.441,13,22,0.591,9,36,45,23,4,4,13,19,104,2018-19,0
1610612738,0041800132,"APR 17, 2019",BOS vs. IND,W,2,0,1.0,240,40,84,0.476,11,28,0.393,8,9,0.889,7,41,48,22,3,5,14,16,99,2018-19,0
1610612738,0041800131,"APR 14, 2019",BOS vs. IND,W,1,0,1.0,240,28,77,0.364,10,28,0.357,18,22,0.818,7,48,55,18,8,2,17,20,84,2018-19,0
1610612738,0021901308,"AUG 13, 2020",BOS vs. WAS,L,48,24,0.667,240,35,88,0.398,8,35,0.229,12,14,0.857,13,38,51,22,8,7,18,19,90,2019-20,1
1610612738,0021901301,"AUG 11, 2020",BOS @ MEM,W,48,23,0.676,240,44,86,0.512,16,37,0.432,18,23,0.783,10,36,46,29,7,7,12,27,122,2019-20,1
1610612738,0021901288,"AUG 09, 2020",BOS vs. ORL,W,47,23,0.671,265,45,102,0.441,12,40,0.3,20,24,0.833,13,41,54,32,9,7,12,19,122,2019-20,1
1610612738,0021901279,"AUG 07, 2020",BOS @ TOR,W,46,23,0.667,240,47,96,0.49,16,46,0.348,12,16,0.75,9,43,52,27,8,2,14,22,122,2019-20,1
1610612738,0021901267,"AUG 05, 2020",BOS vs. BKN,W,45,23,0.662,240,50,88,0.568,20,39,0.513,29,35,0.829,6,37,43,29,10,10,14,23,149,2019-20,1
1610612738,0021901260,"AUG 04, 2020",BOS @ MIA,L,44,23,0.657,240,37,85,0.435,10,33,0.303,22,27,0.815,14,31,45,15,7,4,16,26,106,2019-20,1
1610612738,0021901245,"AUG 02, 2020",BOS vs. POR,W,44,22,0.667,240,42,77,0.545,18,30,0.6,26,34,0.765,6,30,36,24,9,6,14,21,128,2019-20,1
1610612738,0021901236,"JUL 31, 2020",BOS @ MIL,L,43,22,0.662,240,37,91,0.407,11,37,0.297,27,34,0.794,14,34,48,18,8,5,15,28,112,2019-20,1
1610612738,0021900960,"MAR 10, 2020",BOS @ IND,W,43,21,0.672,240,41,93,0.441,13,37,0.351,19,22,0.864,11,35,46,19,9,4,8,15,114,2019-20,1
1610612738,0021900949,"MAR 08, 2020",BOS vs. OKC,L,42,21,0.667,240,38,92,0.413,13,37,0.351,15,19,0.789,11,35,46,22,9,5,13,25,104,2019-20,1
1610612738,0021900933,"MAR 06, 2020",BOS vs. UTA,L,42,20,0.677,240,35,94,0.372,10,36,0.278,14,18,0.778,13,32,45,19,6,6,12,13,94,2019-20,1
1610612738,0021900917,"MAR 04, 2020",BOS @ CLE,W,42,19,0.689,240,40,86,0.465,11,30,0.367,21,26,0.808,13,36,49,16,10,7,11,20,112,2019-20,1
1610612738,0021900910,"MAR 03, 2020",BOS vs. BKN,L,41,19,0.683,265,44,103,0.427,15,49,0.306,17,23,0.739,13,29,42,24,10,6,15,30,120,2019-20,1
1610612738,0021900892,"FEB 29, 2020",BOS vs. HOU,L,41,18,0.695,265,39,100,0.39,13,42,0.31,19,25,0.76,14,40,54,22,11,6,14,18,110,2019-20,1
1610612738,0021900872,"FEB 26, 2020",BOS @ UTA,W,41,17,0.707,240,45,84,0.536,11,26,0.423,13,16,0.813,9,35,44,21,7,4,8,17,114,2019-20,1
1610612738,0021900862,"FEB 25, 2020",BOS @ POR,W,40,17,0.702,240,43,90,0.478,19,39,0.487,13,14,0.929,8,37,45,19,6,3,14,19,118,2019-20,1
1610612738,0021900842,"FEB 23, 2020",BOS @ LAL,L,39,17,0.696,240,38,83,0.458,13,34,0.382,23,30,0.767,8,36,44,20,7,3,17,29,112,2019-20,1
1610612738,0021900830,"FEB 21, 2020",BOS @ MIN,W,39,16,0.709,240,44,95,0.463,10,29,0.345,29,37,0.784,16,42,58,21,5,6,10,26,127,2019-20,1
1610612738,0021900818,"FEB 13, 2020",BOS vs. LAC,W,38,16,0.704,290,45,103,0.437,18,43,0.419,33,40,0.825,7,44,51,22,9,6,14,28,141,2019-20,1
1610612738,0021900806,"FEB 11, 2020",BOS @ HOU,L,37,16,0.698,240,37,85,0.435,11,32,0.344,20,25,0.8,10,38,48,24,11,4,18,26,105,2019-20,1
1610612738,0021900786,"FEB 09, 2020",BOS @ OKC,W,37,15,0.712,240,38,84,0.452,16,36,0.444,20,27,0.741,14,39,53,19,6,2,9,24,112,2019-20,1
1610612738,0021900771,"FEB 07, 2020",BOS vs. ATL,W,36,15,0.706,240,37,86,0.43,16,37,0.432,22,27,0.815,11,36,47,23,5,8,13,18,112,2019-20,1
1610612738,0021900756,"FEB 05, 2020",BOS vs. ORL,W,35,15,0.7,240,46,86,0.535,13,23,0.565,11,16,0.688,6,35,41,23,10,6,12,19,116,2019-20,1
1610612738,0021900745,"FEB 03, 2020",BOS @ ATL,W,34,15,0.694,240,48,90,0.533,12,29,0.414,15,17,0.882,11,33,44,21,10,5,15,22,123,2019-20,1
1610612738,0021900732,"FEB 01, 2020",BOS vs. PHI,W,33,15,0.688,240,38,80,0.475,8,30,0.267,32,41,0.78,9,33,42,15,9,2,10,20,116,2019-20,1
1610612738,0021900717,"JAN 30, 2020",BOS vs. GSW,W,32,15,0.681,240,42,88,0.477,15,35,0.429,20,22,0.909,14,37,51,27,12,4,22,24,119,2019-20,1
1610612738,0021900701,"JAN 28, 2020",BOS @ MIA,W,31,15,0.674,240,39,83,0.47,13,36,0.361,18,24,0.75,11,37,48,24,5,8,14,22,109,2019-20,1
1610612738,0021900691,"JAN 26, 2020",BOS @ NOP,L,30,15,0.667,240,41,89,0.461,8,33,0.242,18,22,0.818,7,30,37,21,6,5,16,29,108,2019-20,1
1610612738,0021900671,"JAN 24, 2020",BOS @ ORL,W,30,14,0.682,240,40,86,0.465,14,35,0.4,15,18,0.833,9,35,44,27,10,7,13,20,109,2019-20,1
1610612738,0021900657,"JAN 22, 2020",BOS vs. MEM,W,29,14,0.674,240,45,89,0.506,14,32,0.438,15,20,0.75,9,35,44,32,11,9,9,14,119,2019-20,1
1610612738,0021900648,"JAN 20, 2020",BOS vs. LAL,W,28,14,0.667,240,52,93,0.559,16,34,0.471,19,29,0.655,14,34,48,31,10,5,12,26,139,2019-20,1
1610612738,0021900628,"JAN 18, 2020",BOS vs. PHX,L,27,14,0.659,240,42,96,0.438,15,42,0.357,20,22,0.909,4,35,39,26,11,6,11,24,119,2019-20,1
1610612738,0021900615,"JAN 16, 2020",BOS @ MIL,L,27,13,0.675,240,43,98,0.439,15,49,0.306,22,27,0.815,10,33,43,16,4,7,7,25,123,2019-20,1
1610612738,0021900604,"JAN 15, 2020",BOS vs. DET,L,27,12,0.692,240,41,83,0.494,9,28,0.321,12,20,0.6,13,31,44,21,7,2,15,17,103,2019-20,1
1610612738,0021900593,"JAN 13, 2020",BOS vs. CHI,W,27,11,0.711,240,39,83,0.47,9,23,0.391,26,29,0.897,10,33,43,28,7,6,12,19,113,2019-20,1
1610612738,0021900578,"JAN 11, 2020",BOS vs. NOP,W,26,11,0.703,240,55,100,0.55,14,29,0.483,16,18,0.889,10,43,53,29,14,3,10,23,140,2019-20,1
1610612738,0021900564,"JAN 09, 2020",BOS @ PHI,L,25,11,0.694,240,38,88,0.432,14,36,0.389,8,8,1.0,8,30,38,17,8,1,14,16,98,2019-20,1
1610612738,0021900554,"JAN 08, 2020",BOS vs. SAS,L,25,10,0.714,240,37,89,0.416,13,38,0.342,27,30,0.9,8,31,39,26,7,2,15,20,114,2019-20,1
1610612738,0021900542,"JAN 06, 2020",BOS @ WAS,L,25,9,0.735,240,33,95,0.347,8,37,0.216,20,26,0.769,16,39,55,17,7,8,16,20,94,2019-20,1
1610612738,0021900529,"JAN 04, 2020",BOS @ CHI,W,25,8,0.758,240,43,82,0.524,8,19,0.421,17,21,0.81,13,31,44,22,10,5,19,22,111,2019-20,1
1610612738,0021900517,"JAN 03, 2020",BOS vs. ATL,W,24,8,0.75,240,41,93,0.441,6,25,0.24,21,29,0.724,12,42,54,23,9,7,12,16,109,2019-20,1
1610612738,0021900497,"DEC 31, 2019",BOS @ CHA,W,23,8,0.742,240,44,97,0.454,14,38,0.368,7,10,0.7,15,39,54,25,12,9,10,16,109,2019-20,1
1610612738,0021900473,"DEC 28, 2019",BOS vs. TOR,L,22,8,0.733,240,31,78,0.397,7,32,0.219,28,36,0.778,7,24,31,18,11,4,14,17,97,2019-20,1
1610612738,0021900466,"DEC 27, 2019",BOS vs. CLE,W,22,7,0.759,240,49,95,0.516,14,40,0.35,17,19,0.895,12,31,43,28,4,10,11,23,129,2019-20,1
1610612738,0021900455,"DEC 25, 2019",BOS @ TOR,W,21,7,0.75,240,46,92,0.5,14,33,0.424,12,14,0.857,13,32,45,26,7,3,19,22,118,2019-20,1
1610612738,0021900440,"DEC 22, 2019",BOS vs. CHA,W,20,7,0.741,240,46,88,0.523,14,32,0.438,13,16,0.813,10,47,57,25,2,9,11,24,119,2019-20,1
1610612738,0021900422,"DEC 20, 2019",BOS vs. DET,W,19,7,0.731,240,45,86,0.523,9,27,0.333,15,21,0.714,13,38,51,24,13,9,20,19,114,2019-20,1
1610612738,0021900413,"DEC 18, 2019",BOS @ DAL,W,18,7,0.72,240,35,86,0.407,12,38,0.316,27,30,0.9,14,40,54,13,3,4,15,21,109,2019-20,1
1610612738,0021900367,"DEC 12, 2019",BOS vs. PHI,L,17,7,0.708,240,42,91,0.462,11,31,0.355,14,17,0.824,9,24,33,24,4,7,6,25,109,2019-20,1
1610612738,0021900357,"DEC 11, 2019",BOS @ IND,L,17,6,0.739,240,43,87,0.494,14,36,0.389,17,22,0.773,8,36,44,25,6,4,15,27,117,2019-20,1
1610612738,0021900344,"DEC 09, 2019",BOS vs. CLE,W,17,5,0.773,240,45,78,0.577,15,27,0.556,5,8,0.625,5,34,39,22,8,9,18,19,110,2019-20,1
1610612738,0021900323,"DEC 06, 2019",BOS vs. DEN,W,16,5,0.762,240,44,82,0.537,13,35,0.371,7,8,0.875,4,33,37,21,5,5,15,23,108,2019-20,1
1610612738,0021900310,"DEC 04, 2019",BOS vs. MIA,W,15,5,0.75,240,35,79,0.443,16,41,0.39,26,32,0.813,10,36,46,21,8,8,10,20,112,2019-20,1
1610612738,0021900285,"DEC 01, 2019",BOS @ NYK,W,14,5,0.737,240,41,93,0.441,15,41,0.366,16,22,0.727,16,28,44,25,5,7,13,28,113,2019-20,1
1610612738,0021900267,"NOV 29, 2019",BOS @ BKN,L,13,5,0.722,240,41,93,0.441,9,28,0.321,16,21,0.762,16,32,48,16,11,7,19,14,107,2019-20,1
1610612738,0021900253,"NOV 27, 2019",BOS vs. BKN,W,13,4,0.765,240,43,97,0.443,13,34,0.382,22,24,0.917,19,36,55,23,10,5,14,17,121,2019-20,1
1610612738,0021900244,"NOV 25, 2019",BOS vs. SAC,W,12,4,0.75,240,38,85,0.447,7,30,0.233,20,23,0.87,11,27,38,20,10,4,11,16,103,2019-20,1
1610612738,0021900222,"NOV 22, 2019",BOS @ DEN,L,11,4,0.733,240,33,81,0.407,7,27,0.259,19,23,0.826,5,35,40,21,12,6,11,19,92,2019-20,1
1610612738,0021900212,"NOV 20, 2019",BOS @ LAC,L,11,3,0.786,265,41,104,0.394,12,45,0.267,10,14,0.714,18,35,53,26,11,2,17,22,104,2019-20,1
1610612738,0021900195,"NOV 18, 2019",BOS @ PHX,W,11,2,0.846,240,37,89,0.416,12,41,0.293,13,17,0.765,11,41,52,22,12,5,17,21,99,2019-20,1
1610612738,0021900184,"NOV 17, 2019",BOS @ SAC,L,10,2,0.833,240,34,82,0.415,10,30,0.333,21,24,0.875,10,36,46,26,7,3,14,14,99,2019-20,1
1610612738,0021900173,"NOV 15, 2019",BOS @ GSW,W,10,1,0.909,240,37,91,0.407,13,33,0.394,18,23,0.783,11,36,47,24,13,5,14,24,105,2019-20,1
1610612738,0021900156,"NOV 13, 2019",BOS vs. WAS,W,9,1,0.9,240,49,96,0.51,16,36,0.444,26,29,0.897,10,34,44,32,5,5,11,26,140,2019-20,1
1610612738,0021900141,"NOV 11, 2019",BOS vs. DAL,W,8,1,0.889,240,41,86,0.477,15,35,0.429,19,25,0.76,10,36,46,25,4,5,9,27,116,2019-20,1
1610612738,0021900127,"NOV 09, 2019",BOS @ SAS,W,7,1,0.875,240,48,94,0.511,14,37,0.378,25,28,0.893,7,36,43,28,11,11,8,25,135,2019-20,1
1610612738,0021900112,"NOV 07, 2019",BOS @ CHA,W,6,1,0.857,240,40,93,0.43,10,33,0.303,18,23,0.783,11,41,52,29,13,5,12,19,108,2019-20,1
1610612738,0021900098,"NOV 05, 2019",BOS @ CLE,W,5,1,0.833,240,48,85,0.565,12,30,0.4,11,15,0.733,4,41,45,24,5,12,14,23,119,2019-20,1
1610612738,0021900072,"NOV 01, 2019",BOS vs. NYK,W,4,1,0.8,240,33,74,0.446,11,34,0.324,27,29,0.931,3,41,44,21,7,4,14,16,104,2019-20,1
1610612738,0021900058,"OCT 30, 2019",BOS vs. MIL,W,3,1,0.75,240,41,92,0.446,17,41,0.415,17,21,0.81,5,40,45,25,4,4,9,20,116,2019-20,1
1610612738,0021900029,"OCT 26, 2019",BOS @ NYK,W,2,1,0.667,240,42,93,0.452,15,41,0.366,19,29,0.655,13,33,46,24,14,9,12,26,118,2019-20,1
1610612738,0021900017,"OCT 25, 2019",BOS vs. TOR,W,1,1,0.5,240,42,109,0.385,13,38,0.342,15,16,0.938,21,35,56,21,10,8,9,20,112,2019-20,1
1610612738,0021900008,"OCT 23, 2019",BOS @ PHI,L,0,1,0.0,240,33,90,0.367,7,26,0.269,20,34,0.588,10,31,41,18,4,2,10,29,93,2019-20,1
1610612738,0041900306,"SEP 27, 2020",BOS @ MIA,L,2,4,0.333,240,43,99,0.434,15,46,0.326,12,15,0.8,13,29,42,26,7,2,10,21,113,2019-20,0
1610612738,0041900305,"SEP 25, 2020",BOS vs. MIA,W,2,3,0.4,240,42,93,0.452,12,38,0.316,25,29,0.862,13,37,50,29,7,4,11,23,121,2019-20,0
1610612738,0041900304,"SEP 23, 2020",BOS @ MIA,L,1,3,0.25,240,39,82,0.476,14,40,0.35,17,21,0.81,12,34,46,28,3,5,19,24,109,2019-20,0
1610612738,0041900303,"SEP 19, 2020",BOS @ MIA,W,1,2,0.333,240,41,85,0.482,9,26,0.346,26,30,0.867,10,40,50,27,8,3,14,29,117,2019-20,0
1610612738,0041900302,"SEP 17, 2020",BOS vs. MIA,L,0,2,0.0,240,36,72,0.5,10,28,0.357,19,24,0.792,6,35,41,19,5,3,20,22,101,2019-20,0
1610612738,0041900301,"SEP 15, 2020",BOS vs. MIA,L,0,1,0.0,265,39,88,0.443,15,42,0.357,21,23,0.913,6,31,37,24,9,6,10,25,114,2019-20,0
1610612738,0041900217,"SEP 11, 2020",BOS @ TOR,W,4,3,0.571,240,35,86,0.407,9,38,0.237,13,23,0.565,10,34,44,19,12,5,10,16,92,2019-20,0
1610612738,0041900216,"SEP 09, 2020",BOS vs. TOR,L,3,3,0.5,290,44,100,0.44,19,46,0.413,15,18,0.833,14,44,58,32,5,4,15,25,122,2019-20,0
1610612738,0041900215,"SEP 07, 2020",BOS @ TOR,W,3,2,0.6,240,38,77,0.494,11,34,0.324,24,27,0.889,4,41,45,23,5,6,11,19,111,2019-20,0
1610612738,0041900214,"SEP 05, 2020",BOS vs. TOR,L,2,2,0.5,240,33,75,0.44,7,35,0.2,20,27,0.741,6,39,45,18,6,2,14,20,93,2019-20,0
1610612738,0041900213,"SEP 03, 2020",BOS vs. TOR,L,2,1,0.667,240,39,83,0.47,9,29,0.31,16,21,0.762,7,37,44,21,6,7,14,16,103,2019-20,0
1610612738,0041900212,"SEP 01, 2020",BOS @ TOR,W,2,0,1.0,240,32,76,0.421,15,38,0.395,23,25,0.92,4,40,44,18,6,9,17,20,102,2019-20,0
1610612738,0041900211,"AUG 30, 2020",BOS @ TOR,W,1,0,1.0,240,39,83,0.47,17,39,0.436,17,21,0.81,5,45,50,25,8,4,22,22,112,2019-20,0
1610612738,0041900124,"AUG 23, 2020",BOS @ PHI,W,4,0,1.0,240,38,82,0.463,12,35,0.343,22,29,0.759,10,32,42,19,4,5,14,25,110,2019-20,0
1610612738,0041900123,"AUG 21, 2020",BOS @ PHI,W,3,0,1.0,240,36,87,0.414,8,31,0.258,22,24,0.917,3,42,45,15,7,8,10,23,102,2019-20,0
1610612738,0041900122,"AUG 19, 2020",BOS vs. PHI,W,2,0,1.0,240,44,86,0.512,19,43,0.442,21,29,0.724,10,33,43,20,4,5,6,28,128,2019-20,0
1610612738,0041900121,"AUG 17, 2020",BOS vs. PHI,W,1,0,1.0,240,38,90,0.422,10,31,0.323,23,26,0.885,16,27,43,22,12,4,7,21,109,2019-20,0
1610612738,0022000412,"FEB 12, 2021",BOS vs. DET,L,13,12,0.52,240,36,82,0.439,8,27,0.296,22,30,0.733,7,37,44,15,9,2,10,25,102,2020-21,1
1610612738,0022000398,"FEB 11, 2021",BOS vs. TOR,W,13,11,0.542,240,39,86,0.453,20,39,0.513,22,28,0.786,14,35,49,30,8,6,18,22,120,2020-21,1
1610612738,0022000379,"FEB 09, 2021",BOS @ UTA,L,12,11,0.522,240,38,86,0.442,13,29,0.448,19,23,0.826,11,24,35,18,2,2,8,25,108,2020-21,1
1610612738,0022000365,"FEB 07, 2021",BOS @ PHX,L,12,10,0.545,240,33,93,0.355,17,44,0.386,8,12,0.667,13,28,41,19,6,2,5,11,91,2020-21,1
1610612738,0022000350,"FEB 05, 2021",BOS @ LAC,W,12,9,0.571,240,43,90,0.478,16,38,0.421,17,21,0.81,9,25,34,21,8,1,6,16,119,2020-21,1
1610612738,0022000336,"FEB 03, 2021",BOS @ SAC,L,11,9,0.55,240,39,86,0.453,11,33,0.333,22,29,0.759,11,34,45,28,9,3,13,21,111,2020-21,1
1610612738,0022000326,"FEB 02, 2021",BOS @ GSW,W,11,8,0.579,240,39,84,0.464,13,34,0.382,20,27,0.741,12,39,51,16,3,4,15,20,111,2020-21,1
1610612738,0022000302,"JAN 30, 2021",BOS vs. LAL,L,10,8,0.556,240,40,82,0.488,6,21,0.286,9,14,0.643,9,33,42,24,10,6,15,16,95,2020-21,1
1610612738,0022000280,"JAN 27, 2021",BOS @ SAS,L,10,7,0.588,240,42,98,0.429,10,30,0.333,12,14,0.857,13,26,39,15,10,4,10,14,106,2020-21,1
1610612738,0022000262,"JAN 25, 2021",BOS @ CHI,W,10,6,0.625,240,44,87,0.506,15,29,0.517,16,20,0.8,6,38,44,28,9,6,12,18,119,2020-21,1
1610612738,0022000250,"JAN 24, 2021",BOS vs. CLE,W,9,6,0.6,240,52,93,0.559,14,28,0.5,23,27,0.852,13,42,55,26,14,8,15,23,141,2020-21,1
1610612738,0022000233,"JAN 22, 2021",BOS @ PHI,L,8,6,0.571,240,41,90,0.456,12,30,0.4,16,20,0.8,10,22,32,23,10,5,11,21,110,2020-21,1
1610612738,0022000218,"JAN 20, 2021",BOS @ PHI,L,8,5,0.615,240,42,89,0.472,12,33,0.364,13,20,0.65,10,35,45,22,3,0,16,29,109,2020-21,1
1610612738,0022000196,"JAN 17, 2021",BOS vs. NYK,L,8,4,0.667,240,25,84,0.298,7,46,0.152,18,29,0.621,14,29,43,15,10,2,17,22,75,2020-21,1
1610612738,0022000180,"JAN 15, 2021",BOS vs. ORL,W,8,3,0.727,240,45,88,0.511,17,42,0.405,17,19,0.895,6,39,45,25,7,4,10,18,124,2020-21,1
1610612738,0022000124,"JAN 08, 2021",BOS vs. WAS,W,7,3,0.7,240,41,86,0.477,12,32,0.375,22,30,0.733,11,38,49,21,11,4,21,22,116,2020-21,1
1610612738,0022000111,"JAN 06, 2021",BOS @ MIA,W,6,3,0.667,240,42,99,0.424,12,35,0.343,11,12,0.917,16,37,53,22,7,5,7,23,107,2020-21,1
1610612738,0022000097,"JAN 04, 2021",BOS @ TOR,W,5,3,0.625,240,41,84,0.488,15,29,0.517,29,34,0.853,12,44,56,19,3,9,19,29,126,2020-21,1
1610612738,0022000085,"JAN 03, 2021",BOS @ DET,W,4,3,0.571,240,49,87,0.563,15,33,0.455,9,13,0.692,12,29,41,35,4,5,17,22,122,2020-21,1
1610612738,0022000070,"JAN 01, 2021",BOS @ DET,L,3,3,0.5,240,39,83,0.47,8,31,0.258,7,14,0.5,7,37,44,20,12,11,19,20,93,2020-21,1
1610612738,0022000056,"DEC 30, 2020",BOS vs. MEM,W,3,2,0.6,240,49,91,0.538,16,39,0.41,12,14,0.857,10,32,42,27,17,11,16,21,126,2020-21,1
1610612738,0022000048,"DEC 29, 2020",BOS @ IND,W,2,2,0.5,240,40,80,0.5,9,22,0.409,27,37,0.73,12,31,43,21,10,3,14,16,116,2020-21,1
1610612738,0022000037,"DEC 27, 2020",BOS @ IND,L,1,2,0.333,240,40,79,0.506,9,23,0.391,18,24,0.75,6,34,40,21,13,7,18,17,107,2020-21,1
1610612738,0022000007,"DEC 25, 2020",BOS vs. BKN,L,1,1,0.5,240,37,98,0.378,8,27,0.296,13,19,0.684,20,27,47,23,6,5,15,27,95,2020-21,1
1610612738,0022000003,"DEC 23, 2020",BOS vs. MIL,W,1,0,1.0,240,48,101,0.475,18,40,0.45,8,11,0.727,10,27,37,23,8,6,6,17,122,2020-21,1
